,Année de construction,État du bâtiment,Largeur de la façade à rue,Nombre de façades,Visite virtuelle,Surface habitable,Surface du salon,Salle à manger,Surface de la cuisine,Chambres,Salles de bains,Cave,Meublé,Porte blindée,Surface du terrain,Raccordement à l'égout,"Eau, gaz & électricité",Surface de la terrasse,Consommation d'énergie primaire,Classe énergétique,Numéro du rapport PEB,Emission CO₂,Consommation théorique totale d'énergie primaire,Niveau E (performance énergétique globale),Type de chauffage,Pompe à chaleur,Panneaux photovoltaïques,Panneaux solaires,Chauffe-eau commun,Double vitrage,Autorisation de lotissement,Droit d'achat prioritaire possible,Procédure pour violation de la réglementation urbanistique,Type de zone inondable,Affectation urbanistique la plus récente sur la base des dénominations utilisées dans le registre des plans,Prix,Revenu cadastral,Immeuble de rapport,À partir de,Quartier ou lieu-dit,Type de cuisine,Toilettes,Surface de bureau,Bureau,Accessible aux personnes avec un handicap,Interphone vidéo,Attestation as-built,Adresse,Référence externe,Combien de feux ouverts ?,Dressing,Surface de la cave,Grenier,Terrain à front de rue,Terrain boisé,Terrain arrière,Terrain plat,Terrasse,Concierge,Ascenseur,Parlophone,Accès sécurisé / alarme,Piscine,Attestation de conformité des citernes à mazout,Site internet,Parkings intérieurs,Surface de la chambre 1,Surface de la chambre 2,Surface de la chambre 3,Surface de la chambre 4,Surface de la chambre 5,Surface de l'espace professionnel,Largeur du terrain à rue,Permis de bâtir obtenu,Surface constructible totale au sol,Disponible le,Type d’environnement,Salles de douche,Surface du jardin,Parkings extérieurs,Salon,Nom du bien,Charges mensuelles,Revenu mensuel actuel,Nom de l'agent,Espace professionnel,Type de construction,Orientation du jardin,Climatisation,Jacuzzi,Sauna,Internet,Buanderie,Jardin,Lieu de la vente,Séance unique,Modalités de visite,Mise à prix,Pourcentage loué,Description libre du PEB,Obligation de construire,Isolé,Orientation de la terrasse,Informations supplémentaires,Surface du grenier,Nombre d'annexes
0,1918,À rafraîchir,12 m,2,360 m²,12 m²,Oui,38 m²,6,3,Oui,Non,Non,189 m²,Connecté,Oui,12 m²,74980 kWh/m²,G,20210531-0000589795-01-0,44 kg CO₂/m²,Non communiqué,74980,Gaz,Non,Non,Non,Non,Oui,Non,Non,Non,Zone non inondable,Autre type de zone,1.350.000 €,1.963 €,Non,"Rue Archimède 17
1000 - Bruxelles ville",,,,,,,,,,,,,,,,,,,,,,,,,,,,,,,,,,,,,,,,,,,,,,,,,,,,,,,,,,,,,,,,,,,,
1,1899,Fraîchement rénové,,2,,568 m²,,,,3,3,Oui,Non,,196 m²,,,,450 kWh/m²,G,Non communiqué,96 kg CO₂/m²,Non communiqué,,Gaz,,,,,Oui,,,,,,1.200.000 €,2.424 €,Oui,Après la signature de l’acte,Européen,Équipée,5,515 m²,Oui,Oui,Oui,Non,"Rue de Tenbosch 85/117
1050 - Ixelles",1900 - 1883,,,,,,,,,,,,,,,,,,,,,,,,,,,,,,,,,,,,,,,,,,,,,,,,,,,,,,,,,
2,1900,Bon,9.6 m,2,,1350 m²,,,,,,,Non,Non,490 m²,Connecté,Oui,,434 kWh/m²,G,T20181120-002,134 kg CO₂/m²,Non communiqué,,Mazout,Non,Non,Non,Oui,Non,,,,,,3.200.000 €,13.401 €,Oui,Après la signature de l’acte,Mont des Arts,Équipée,,,Oui,Non,Non,Non,"Avenue Louise 404a
1050 - Ixelles",,1,Non,254 m²,Oui,Non,Non,Non,Non,Oui,Non,Oui,Oui,Non,Non,Non,6029007,,,,,,,,,,,,,,,,,,,,,,,,,,,,,,,,,,,,,,,,,
3,2010,Excellent état,11 m,2,,460 m²,97 m²,Oui,33 m²,5,3,,Non,,175 m²,Connecté,Oui,,143 kWh/m²,C,20170629-00000507532-01-6,28 kg CO₂/m²,Non communiqué,,Gaz,,,Oui,,Oui,Oui,Non,Non,Zone non inondable,Zone d'habitat mixte (habitat & activité économique),510.000 €,654 €,Oui,Après la signature de l’acte,,Américaine hyper-équipée,2,55 m²,Oui,Non,,,"Rue des Sablons 11 b02
1000 - Bruxelles",4457472,,,156 m²,,,,,,,,Non,Oui,,Non,,,1,31 m²,18 m²,41 m²,27 m²,28 m²,200 m²,11 m,Oui,460 m²,,,,,,,,,,,,,,,,,,,,,,,,,,,,,,,
4,1920,Bon,,2,,300 m²,,,,5,4,Oui,Non,,152 m²,,,,356 kWh/m²,G,Non communiqué,112 kg CO₂/m²,Non communiqué,,Gaz,,,,,,,,,,"Zone d'habitat (résidentiel, urbain ou rural)",1.095.000 €,,Oui,Après la signature de l’acte,,Hyper équipée,4,,,Non,,,"Bld. Brand Whitlock 108
1200 - Woluwe-Saint-Lambert",4517847,,,,,,,,,Oui,,Non,Oui,,Non,,,,14 m²,16 m²,16 m²,14 m²,12 m²,,,,,1 décembre 2021 - 00:00,"Zone d'habitat (résidentiel, urbain ou rural)",1,60 m²,,,,,,,,,,,,,,,,,,,,,,,,,,,
5,1918,À rafraîchir,12 m,2,360 m²,12 m²,Oui,38 m²,6,3,Oui,Non,Non,189 m²,Connecté,Oui,12 m²,74980 kWh/m²,G,20210531-0000589795-01-0,44 kg CO₂/m²,Non communiqué,74980,Gaz,Non,Non,Non,Non,Oui,Non,Non,Non,Zone non inondable,Autre type de zone,1.350.000 €,1.963 €,Non,"Rue Archimède 17
1000 - Bruxelles ville",,,,,,,,,,,,,,,,,,,,,,,,,,,,,,,,,,,,,,,,,,,,,,,,,,,,,,,,,,,,,,,,,,,,
6,2012,Excellent état,,3,,450 m²,60 m²,,,5,5,,,,251 m²,,,,95 kWh/m²,B,201111210000032625,20 kg CO₂/m²,Non communiqué,,Gaz,,,,,,,,,Zone non inondable,,4.600.000 €,,Non,Après la signature de l’acte,Bruxelles Sud et Centre,Hyper équipée,6,,,Oui,,,"Avenue Louise 200
1050 - Bruxelles",,,,,,,,,,Oui,,Oui,,Oui,Oui,,4392998,1,40 m²,16 m²,16 m²,16 m²,,,,,,21 juin 2018 - 00:00,"Zone d'habitat (résidentiel, urbain ou rural)",,,1,,,,,,,,,,,,,,,,,,,,,,,,,,
7,2012,Bon,5.9 m,2,258 m²,Équipée,,,,2,Oui,,Oui,Non,6.5 m,Non,198 m²,Non,Non communiqué,Non communiqué,39 kg CO₂/m²,Non communiqué,Gaz,,Oui,,,,,62 m²,Non,Non,"Zone d'habitat (résidentiel, urbain ou rural)",,599.000 €,2.839 €,Non,"Place Communale 8
1160 - Auderghem",Après la signature de l’acte,Bruxelles,4,,,Non,Oui,,,4515758,,,,,,,,,,,,Oui,Oui,,Non communiqué,,,1,,,,,,,Connecté,,Non,,Isolé,,20 m²,,,,,,,,,,,,,,,,,,,,,,,,,,,
8,1901,Excellent état,,2,,325 m²,,,,,,,,,99 m²,,,,1070 kWh/m²,G,Non communiqué,215 kg CO₂/m²,Non communiqué,,Gaz,,,,,Oui,,,,,,1.150.000 €,,Oui,Après la signature de l’acte,,,6,,,,,,"Avenue de la chasse 159
1040 - Etterbeek",,,,,,,,,,,,,,,,,4516870,1,,,,,,,,,,,Urbain,6,,,Oui,,,,,,,,,,,,,,,,,,,,,,,,,
9,1900,À restaurer,,2,635 m²,Oui,,,,1,Oui,635 m²,,,Connecté,Oui,Oui,,F,001044319,80 kg CO₂/m²,Non communiqué,Gaz,,Oui,,,,,Oui,Non,Non,Zone non inondable,"Zone d'habitat (résidentiel, urbain ou rural)",1.950.000 €,Non,,"Place Communale 8
1160 - Auderghem",Après la signature de l’acte,Bruxelles,3,,,Oui,Oui,Non,,4498919,,,,,,,,,,Oui,,Non,Oui,,325 kWh/m²,,,,,,,,,,,635 m²,Oui,11 mai 2021 - 00:00,Urbain,,,,Équipée,,,,,,,,,,,,,,,,,,,,,,,,,
10,1985,Bon,,4,,550 m²,,,,3,2,Oui,Non,Oui,1961 m²,Connecté,Non,,465 kWh/m²,G,2O160302-O000~2~O2O10,131 kg CO₂/m²,Non communiqué,,Mazout,Non,Non,Non,Non,Non,Non,Non,Non,,,4.000.000 €,,Non,Après la signature de l’acte,,Équipée,,,Oui,Non,Non,Non,"Avenue Louise 404a
1050 - Ixelles",,1,Non,,,Non,Non,Non,Non,Oui,Non,Non,Oui,Oui,Non,"Oui, pas conforme",4477224,1,,,,,,,,,550 m²,,,,,,,,,,,,,,,,,,,,,,,,,,,,,,,
11,,À restaurer,,2,,160 m²,,,,5,,Oui,Non,,125 m²,,Oui,,596 kWh/m²,G,Non communiqué,Non communiqué,Non communiqué,,Mazout,,,,,,,,,,,410.000 €,939 €,Non,Après la signature de l’acte,,Semi-équipée,1,,,,,Non,"Blvd. G. Wahis 272 (place Meiser)
1030 - Schaerbeek",,,,,,,,,,,,,,,,,4244 - 2145,,,,,,,,5.7 m,,,,,,45 m²,,,,,,,,,,,,,,,,,,,,,,,,,,,
12,1876,Excellent état,5.5 m,2,283 m²,32 m²,Oui,Hyper équipée,5,16 m²,2,Oui,76 m²,,Connecté,Oui,10 m²,Non,D,Non communiqué,40 kg CO₂/m²,Non communiqué,Gaz,,850.000 €,,,,,,,,,,,1.754 €,Non,"Avenue des Cerisiers, 212
1200 - Woluwe-St-Lambert",Après la signature de l’acte,,15 m²,24 m²,Oui,Oui,Oui,,,4530169,,,,,Non,,,,,,,Non,Non,,201 kWh/m²,,,,15 m²,15 m²,12 m²,2,,,,,,,,3,,,,,,,,,,,,,,,,,,,,,,,,,,,,
13,1920,Bon,,2,,355 m²,,,,5,5,,Oui,,,Connecté,Oui,12 m²,426 kWh/m²,G,20170617-00000506598-01-3,85 kg CO₂/m²,Non communiqué,,Gaz,,,,,,,,,Zone non inondable,,799.000 €,1.103 €,Oui,Immédiatement,Bruxelles,Américaine équipée,5,,,,,,"Av. de Tervueren, 37
1040 - Etterbeek",,,,,,,,,,,,,,,,,4324196,,5 m²,18 m²,18 m²,16 m²,,,,,,,Urbain,2,,,Oui,,,,,,,,,,,,,,,,,,,,,,,,,
14,1899,À rafraîchir,7.3 m,2,,550 m²,,,,6,6,,Non,,249 m²,Connecté,Oui,50 m²,Non communiqué,Non communiqué,Non communiqué,Non communiqué,Non communiqué,,Gaz,,,,,,,Non,,Zone non inondable,,1.295.000 €,,Oui,Selon le locataire,Bruxelles-Sud,,5,,,Non,,,"Avenue des aubépines 32
1180 - Uccle",4431484,,,,Oui,,,,,,,Non,Oui,,Non,,,,22 m²,18 m²,20 m²,20 m²,10 m²,,7.3 m,Oui,550 m²,1 février 2022 - 00:00,Isolé,6,110 m²,,,,,,,,,,,,,,,,,,,,,,,,,,,
15,1900,Excellent état,5.55 m,2,,320 m²,65 m²,Oui,41 m²,5,3,Oui,Non,,84 m²,Connecté,Oui,26 m²,293 kWh/m²,F,20200625-000057047-01-49,58 kg CO₂/m²,Non communiqué,,Gaz,,,,,Oui,,,,,,1.095.000 €,2.542 €,Non,Immédiatement,,Américaine hyper-équipée,4,,Oui,Non,,,"Place Georges Brugmann, 11
1050 - Ixelles",,,,,,,,,,,,Non,Oui,Oui,Non,,4527998,1,21 m²,21 m²,18 m²,17 m²,12 m²,,5.55 m,,75 m²,31 août 2020 - 00:00,,2,,,,,,,,,,,,,,,,,,,,,,,,,,,,
16,,Excellent état,,2,,120 m²,,,,1,1,,Non,,35 m²,Connecté,Oui,10 m²,245 kWh/m²,E,Non communiqué,Non communiqué,Non communiqué,,Gaz,,,,,,,,,,,520.000 €,,Oui,Selon le locataire,Bruxelles sud/centre,Hyper équipée,1,,,Non,,,"Rue François Desmedt 56
1150 - Woluwé St Pierre",,,,,,,,,,,Oui,Non,,,Oui,,4372024,,15 m²,,,,,,,,,19 mars 2021 - 00:00,Urbain,1,,,Oui,,,,,,,,,,,,,,,,,,,,,,,,,
17,1900,Bon,6 m,2,,250 m²,,,,4,,,Oui,Non,,Connecté,Non,,445 kWh/m²,G,20141124-0000259308-01-2,91 kg CO₂/m²,Non communiqué,,Gaz,Non,Non,Non,Non,Oui,Non,Non,Non,,,700.000 €,1.285 €,Oui,Selon le locataire,,,,,Non,Non,Non,"Oui, conforme","Square Marie Louise, 76
1000 - Bruxelles ville",,,Non,50 m²,,Non,Non,Non,Oui,,Non,Non,Oui,Non,Non,Non,6069242,,35 m²,35 m²,35 m²,25 m²,,,,,250 m²,,,,,,,DUQUESNOY,1 €,4500,,,,,,,,,,,,,,,,,,,,,,
18,,À rafraîchir,,2,,300 m²,,,,3,3,,Non,,40 m²,,,30 m²,438 kWh/m²,G,Non communiqué,88 kg CO₂/m²,Non communiqué,,Gaz,,,,,,,,,,,895.000 €,,Oui,Après la signature de l’acte,,Américaine semi-équipée,4,,,,,,"Rue François Desmedt 56
1150 - Woluwé St Pierre",,,,,,,,,,,,,,,,,4455018,,16 m²,16 m²,16 m²,,,,,,,,Urbain,3,50 m²,,,,,,,,,,,,,,,,,,,,,,,,,,,
19,1918,À rafraîchir,,2,328 m²,Oui,,25 m²,4,3,9 m²,,Non,127 m²,Connecté,Oui,38 m²,Non communiqué,Non communiqué,20180614-0000529938-01-9,38 kg CO₂/m²,Non communiqué,Gaz,,Non,Non,Non,Non,Oui,Non,Non,Non,Zone non inondable,Autre type de zone,800.000 €,1.742 €,Non,"Place du Châtelain 35
1050 - Ixelles",,,,,,,,,,,,,,Non,,,,,,,,,,,,,,,,,,,,,,,,,,,1 m²,,,,,,,,,,,,,,,,,,,,,,,,,,,
20,1903,Excellent état,6 m,2,,263 m²,18 m²,Oui,18 m²,4,2,Oui,Non,,146 m²,Connecté,Oui,12 m²,289 kWh/m²,F,20210511-0000588564-01-3,57 kg CO₂/m²,Non communiqué,,Gaz,,,,,Oui,,,,,,945.000 €,1.615 €,Non,Après la signature de l’acte,,Américaine hyper-équipée,3,16 m²,Oui,Non,,,"Rue Belliard 200
1000 - Bruxelles",,,,,Oui,,,,,,,Non,Oui,Oui,Non,,4406643,,25 m²,18 m²,15 m²,14 m²,,16 m²,,,20 m²,23 mai 2021 - 00:00,,2,60 m²,,,,,,,,,,,,,,,,,,,,,,,,,,,
21,1905,Bon,7 m,2,,370 m²,,,,7,6,Oui,Oui,,120 m²,Connecté,Oui,,274 kWh/m²,E,E,Non communiqué,Non communiqué,,Gaz,,,,,Oui,,,Non,Zone non inondable,,1.180.000 €,1.460 €,Oui,Après la signature de l’acte,,Américaine équipée,6,,,,,,"Av. du Prince de Ligne, 18
1180 - Uccle",,,,,,,,,,Oui,,Non,Oui,Oui,,,4456209,,26 m²,18 m²,18 m²,17 m²,11 m²,,,,405 m²,,,6,,,,,,,,,,,,,,,,,,,,,,,,,,,,
22,1900,Bon,7 m,2,,430 m²,50 m²,,10 m²,4,2,Oui,Non,Oui,317 m²,Connecté,Oui,15 m²,307 kWh/m²,F,20190510-0000549185-01-1,61 kg CO₂/m²,Non communiqué,,Gaz,,,,,Oui,,,,,,1.295.000 €,2.669 €,Oui,Immédiatement,,Hyper équipée,4,110 m²,Oui,Non,Oui,,"Rue Belliard 200
1000 - Bruxelles",,,,,,,,,,,,Non,Oui,Oui,Non,,4364061,1,20 m²,20 m²,15 m²,13 m²,,110 m²,,,15 m²,2 juin 2020 - 00:00,,2,200 m²,,,,,,,,,,,,,,,,,,,,,,,,,,,
23,1900,Bon,9 m,2,,1038 m²,,,,,,,Non,,490 m²,,Oui,,483 kWh/m²,G,T20181120-00,134 kg CO₂/m²,Non communiqué,,Mazout,,,,,,,,,,,3.200.000 €,13.401 €,Oui,Après la signature de l’acte,,Équipée,8,,,,,,"Avenue Louise 200
1050 - Bruxelles",,,,,,,,,,Oui,,,,,,,4508690,,,,,,,,,,,,,,12 m²,,Oui,,,,,,,,,,,,,,,,,,,,,,,,,
24,1906,Bon,,2,,269 m²,,,,6,,,Non,,72 m²,,,,284 kWh/m²,F,20211005-0000596925-01-8,72 kg CO₂/m²,Non communiqué,,Gaz,Non,Non,Non,,Non,,,,,,468.000 €,1.051 €,Non,Après la signature de l’acte,,Équipée,3,,,,,Non,"Av Fr Roosevelt 244/15
1050 - Ixelles",,,,,,,,,,,,,,,,,Kevin Pinto Macedo,,,,,,,,,,,,,3,,,Oui,,,,B9512,,,,,,,,,,,,,,,,,,,,,
25,1899,,7 m,2,509 m²,21 m²,Oui,28 m²,5,5,31 m²,,Non,128 kWh/m²,Connecté,Oui,200 m²,Oui,C,20201102-0000577612-01-2,25 kg CO₂/m²,Non communiqué,128,Gaz,Non,Non,Non,Non,Oui,Non,Non,Non,Zone non inondable,Autre type de zone,2.285.000 €,Non,,"Place du Châtelain 35
1050 - Ixelles",Après la signature de l’acte,,,,Oui,Oui,Oui,,,,,,,Non,,,,,,,,Non,,Non,,,,,,,,,,,,,,,,,8 m²,,,,,,,19 m²,,,,,,,,,,,,,,,,,,,,
26,1874,Bon,7 m,2,,423 m²,,,,4,3,Oui,Non,,218 m²,Connecté,Oui,,631 kWh/m²,G,20200703-0000571086-01-1,236 kg CO₂/m²,Non communiqué,,Gaz,,,,,Oui,,,,Zone non inondable,"Zone d'habitat (résidentiel, urbain ou rural)",1.090.000 €,,Oui,Après la signature de l’acte,,Américaine hyper-équipée,5,5 m²,Oui,Non,,,"Rue Belliard 200
1000 - Bruxelles",,,,,,,,,,,,Non,Oui,,Non,,4347563,,15 m²,13 m²,13 m²,12 m²,,,,,,5 novembre 2020 - 00:00,,3,76 m²,,Oui,,,,,,,,,,,,,,,,,,,,,,,,,
27,1930,Excellent état,,2,,335 m²,,,,6,4,Oui,Non,,132 m²,Connecté,Oui,,144 kWh/m²,C,Non communiqué,31 kg CO₂/m²,Non communiqué,,Gaz,,,,,Oui,,,,,,1.100.000 €,2.034 €,Non,Après la signature de l’acte,,Hyper équipée,5,,Oui,Non,Oui,,"Avenue de Tervuren 113
1040 - Etterbeek",4500212,,,,,,,,,Oui,,Non,,Oui,Non,,,,27 m²,23 m²,23 m²,14 m²,13 m²,26 m²,,,350 m²,3 janvier 2022 - 00:00,,4,50 m²,,Oui,,,,,,,,,,,,,,,,,,,,,,,,,
28,1925,Excellent état,6 m,2,,380 m²,,,,7,4,,Non,,190 m²,Connecté,Oui,5 m²,274 kWh/m²,E,Non communiqué,59 kg CO₂/m²,Non communiqué,,Gaz,,,,,Oui,Non,Non,Non,Zone non inondable,"Zone d'habitat (résidentiel, urbain ou rural)",1.295.000 €,,Oui,Après la signature de l’acte,,Équipée,5,,,Non,,Non,"Avenue de Tervuren 113
1040 - Etterbeek",4367058,,,,,,,,,,,Non,Oui,,Non,,,1,16 m²,16 m²,15 m²,12 m²,12 m²,,6 m,,400 m²,1 août 2021 - 00:00,,1,90 m²,,,,,,,,,,,,,,,,,,,,,,,,,,,
29,1908,Bon,,2,,635 m²,,,,4,1,Oui,Non,,350 m²,Connecté,Oui,15 m²,325 kWh/m²,F,001044319,80 kg CO₂/m²,Non communiqué,,Gaz,,,,,Oui,,Non,Non,Zone non inondable,"Zone d'habitat (résidentiel, urbain ou rural)",1.950.000 €,2.605 €,Non,Après la signature de l’acte,,Semi-équipée,3,,Oui,Non,,,"Place Georges Brugmann, 11
1050 - Ixelles",,,,,Oui,,,,,,,Non,Oui,Oui,Non,,4399354,,15 m²,15 m²,15 m²,,,,,,,,,1,220 m²,,Oui,,,,,,,,,,,,,,,,,,,,,,,,,
30,1918,À rafraîchir,12 m,2,360 m²,12 m²,Oui,38 m²,6,3,Oui,Non,Non,189 m²,Connecté,Oui,12 m²,74980 kWh/m²,G,20210531-0000589795-01-0,44 kg CO₂/m²,Non communiqué,74980,Gaz,Non,Non,Non,Non,Oui,Non,Non,Non,Zone non inondable,Autre type de zone,1.350.000 €,1.963 €,Non,"Rue Archimède 17
1000 - Bruxelles ville",,,,,,,,,,,,,,,,,,,,,,,,,,,,,,,,,,,,,,,,,,,,,,,,,,,,,,,,,,,,,,,,,,,,
31,1899,Fraîchement rénové,,2,,568 m²,,,,3,3,Oui,Non,,196 m²,,,,450 kWh/m²,G,Non communiqué,96 kg CO₂/m²,Non communiqué,,Gaz,,,,,Oui,,,,,,1.200.000 €,2.424 €,Oui,Après la signature de l’acte,Européen,Équipée,5,515 m²,Oui,Oui,Oui,Non,"Rue de Tenbosch 85/117
1050 - Ixelles",1900 - 1883,,,,,,,,,,,,,,,,,,,,,,,,,,,,,,,,,,,,,,,,,,,,,,,,,,,,,,,,,
32,1900,Bon,9.6 m,2,,1350 m²,,,,,,,Non,Non,490 m²,Connecté,Oui,,434 kWh/m²,G,T20181120-002,134 kg CO₂/m²,Non communiqué,,Mazout,Non,Non,Non,Oui,Non,,,,,,3.200.000 €,13.401 €,Oui,Après la signature de l’acte,Mont des Arts,Équipée,,,Oui,Non,Non,Non,"Avenue Louise 404a
1050 - Ixelles",,1,Non,254 m²,Oui,Non,Non,Non,Non,Oui,Non,Oui,Oui,Non,Non,Non,6029007,,,,,,,,,,,,,,,,,,,,,,,,,,,,,,,,,,,,,,,,,
33,2010,Excellent état,11 m,2,,460 m²,97 m²,Oui,33 m²,5,3,,Non,,175 m²,Connecté,Oui,,143 kWh/m²,C,20170629-00000507532-01-6,28 kg CO₂/m²,Non communiqué,,Gaz,,,Oui,,Oui,Oui,Non,Non,Zone non inondable,Zone d'habitat mixte (habitat & activité économique),510.000 €,654 €,Oui,Après la signature de l’acte,,Américaine hyper-équipée,2,55 m²,Oui,Non,,,"Rue des Sablons 11 b02
1000 - Bruxelles",4457472,,,156 m²,,,,,,,,Non,Oui,,Non,,,1,31 m²,18 m²,41 m²,27 m²,28 m²,200 m²,11 m,Oui,460 m²,,,,,,,,,,,,,,,,,,,,,,,,,,,,,,,
34,1920,Bon,,2,,300 m²,,,,5,4,Oui,Non,,152 m²,,,,356 kWh/m²,G,Non communiqué,112 kg CO₂/m²,Non communiqué,,Gaz,,,,,,,,,,"Zone d'habitat (résidentiel, urbain ou rural)",1.095.000 €,,Oui,Après la signature de l’acte,,Hyper équipée,4,,,Non,,,"Bld. Brand Whitlock 108
1200 - Woluwe-Saint-Lambert",4517847,,,,,,,,,Oui,,Non,Oui,,Non,,,,14 m²,16 m²,16 m²,14 m²,12 m²,,,,,1 décembre 2021 - 00:00,"Zone d'habitat (résidentiel, urbain ou rural)",1,60 m²,,,,,,,,,,,,,,,,,,,,,,,,,,,
35,1918,À rafraîchir,12 m,2,360 m²,12 m²,Oui,38 m²,6,3,Oui,Non,Non,189 m²,Connecté,Oui,12 m²,74980 kWh/m²,G,20210531-0000589795-01-0,44 kg CO₂/m²,Non communiqué,74980,Gaz,Non,Non,Non,Non,Oui,Non,Non,Non,Zone non inondable,Autre type de zone,1.350.000 €,1.963 €,Non,"Rue Archimède 17
1000 - Bruxelles ville",,,,,,,,,,,,,,,,,,,,,,,,,,,,,,,,,,,,,,,,,,,,,,,,,,,,,,,,,,,,,,,,,,,,
36,2012,Excellent état,,3,,450 m²,60 m²,,,5,5,,,,251 m²,,,,95 kWh/m²,B,201111210000032625,20 kg CO₂/m²,Non communiqué,,Gaz,,,,,,,,,Zone non inondable,,4.600.000 €,,Non,Après la signature de l’acte,Bruxelles Sud et Centre,Hyper équipée,6,,,Oui,,,"Avenue Louise 200
1050 - Bruxelles",,,,,,,,,,Oui,,Oui,,Oui,Oui,,4392998,1,40 m²,16 m²,16 m²,16 m²,,,,,,21 juin 2018 - 00:00,"Zone d'habitat (résidentiel, urbain ou rural)",,,1,,,,,,,,,,,,,,,,,,,,,,,,,,
37,2012,Bon,5.9 m,2,258 m²,Équipée,,,,2,Oui,,Oui,Non,6.5 m,Non,198 m²,Non,Non communiqué,Non communiqué,39 kg CO₂/m²,Non communiqué,Gaz,,Oui,,,,,62 m²,Non,Non,"Zone d'habitat (résidentiel, urbain ou rural)",,599.000 €,2.839 €,Non,"Place Communale 8
1160 - Auderghem",Après la signature de l’acte,Bruxelles,4,,,Non,Oui,,,4515758,,,,,,,,,,,,Oui,Oui,,Non communiqué,,,1,,,,,,,Connecté,,Non,,Isolé,,20 m²,,,,,,,,,,,,,,,,,,,,,,,,,,,
38,1901,Excellent état,,2,,325 m²,,,,,,,,,99 m²,,,,1070 kWh/m²,G,Non communiqué,215 kg CO₂/m²,Non communiqué,,Gaz,,,,,Oui,,,,,,1.150.000 €,,Oui,Après la signature de l’acte,,,6,,,,,,"Avenue de la chasse 159
1040 - Etterbeek",,,,,,,,,,,,,,,,,4516870,1,,,,,,,,,,,Urbain,6,,,Oui,,,,,,,,,,,,,,,,,,,,,,,,,
39,1900,À restaurer,,2,635 m²,Oui,,,,1,Oui,635 m²,,,Connecté,Oui,Oui,,F,001044319,80 kg CO₂/m²,Non communiqué,Gaz,,Oui,,,,,Oui,Non,Non,Zone non inondable,"Zone d'habitat (résidentiel, urbain ou rural)",1.950.000 €,Non,,"Place Communale 8
1160 - Auderghem",Après la signature de l’acte,Bruxelles,3,,,Oui,Oui,Non,,4498919,,,,,,,,,,Oui,,Non,Oui,,325 kWh/m²,,,,,,,,,,,635 m²,Oui,11 mai 2021 - 00:00,Urbain,,,,Équipée,,,,,,,,,,,,,,,,,,,,,,,,,
40,1985,Bon,,4,,550 m²,,,,3,2,Oui,Non,Oui,1961 m²,Connecté,Non,,465 kWh/m²,G,2O160302-O000~2~O2O10,131 kg CO₂/m²,Non communiqué,,Mazout,Non,Non,Non,Non,Non,Non,Non,Non,,,4.000.000 €,,Non,Après la signature de l’acte,,Équipée,,,Oui,Non,Non,Non,"Avenue Louise 404a
1050 - Ixelles",,1,Non,,,Non,Non,Non,Non,Oui,Non,Non,Oui,Oui,Non,"Oui, pas conforme",4477224,1,,,,,,,,,550 m²,,,,,,,,,,,,,,,,,,,,,,,,,,,,,,,
41,,À restaurer,,2,,160 m²,,,,5,,Oui,Non,,125 m²,,Oui,,596 kWh/m²,G,Non communiqué,Non communiqué,Non communiqué,,Mazout,,,,,,,,,,,410.000 €,939 €,Non,Après la signature de l’acte,,Semi-équipée,1,,,,,Non,"Blvd. G. Wahis 272 (place Meiser)
1030 - Schaerbeek",,,,,,,,,,,,,,,,,4244 - 2145,,,,,,,,5.7 m,,,,,,45 m²,,,,,,,,,,,,,,,,,,,,,,,,,,,
42,1876,Excellent état,5.5 m,2,283 m²,32 m²,Oui,Hyper équipée,5,16 m²,2,Oui,76 m²,,Connecté,Oui,10 m²,Non,D,Non communiqué,40 kg CO₂/m²,Non communiqué,Gaz,,850.000 €,,,,,,,,,,,1.754 €,Non,"Avenue des Cerisiers, 212
1200 - Woluwe-St-Lambert",Après la signature de l’acte,,15 m²,24 m²,Oui,Oui,Oui,,,4530169,,,,,Non,,,,,,,Non,Non,,201 kWh/m²,,,,15 m²,15 m²,12 m²,2,,,,,,,,3,,,,,,,,,,,,,,,,,,,,,,,,,,,,
43,1920,Bon,,2,,355 m²,,,,5,5,,Oui,,,Connecté,Oui,12 m²,426 kWh/m²,G,20170617-00000506598-01-3,85 kg CO₂/m²,Non communiqué,,Gaz,,,,,,,,,Zone non inondable,,799.000 €,1.103 €,Oui,Immédiatement,Bruxelles,Américaine équipée,5,,,,,,"Av. de Tervueren, 37
1040 - Etterbeek",,,,,,,,,,,,,,,,,4324196,,5 m²,18 m²,18 m²,16 m²,,,,,,,Urbain,2,,,Oui,,,,,,,,,,,,,,,,,,,,,,,,,
44,1899,À rafraîchir,7.3 m,2,,550 m²,,,,6,6,,Non,,249 m²,Connecté,Oui,50 m²,Non communiqué,Non communiqué,Non communiqué,Non communiqué,Non communiqué,,Gaz,,,,,,,Non,,Zone non inondable,,1.295.000 €,,Oui,Selon le locataire,Bruxelles-Sud,,5,,,Non,,,"Avenue des aubépines 32
1180 - Uccle",4431484,,,,Oui,,,,,,,Non,Oui,,Non,,,,22 m²,18 m²,20 m²,20 m²,10 m²,,7.3 m,Oui,550 m²,1 février 2022 - 00:00,Isolé,6,110 m²,,,,,,,,,,,,,,,,,,,,,,,,,,,
45,1900,Excellent état,5.55 m,2,,320 m²,65 m²,Oui,41 m²,5,3,Oui,Non,,84 m²,Connecté,Oui,26 m²,293 kWh/m²,F,20200625-000057047-01-49,58 kg CO₂/m²,Non communiqué,,Gaz,,,,,Oui,,,,,,1.095.000 €,2.542 €,Non,Immédiatement,,Américaine hyper-équipée,4,,Oui,Non,,,"Place Georges Brugmann, 11
1050 - Ixelles",,,,,,,,,,,,Non,Oui,Oui,Non,,4527998,1,21 m²,21 m²,18 m²,17 m²,12 m²,,5.55 m,,75 m²,31 août 2020 - 00:00,,2,,,,,,,,,,,,,,,,,,,,,,,,,,,,
46,,Excellent état,,2,,120 m²,,,,1,1,,Non,,35 m²,Connecté,Oui,10 m²,245 kWh/m²,E,Non communiqué,Non communiqué,Non communiqué,,Gaz,,,,,,,,,,,520.000 €,,Oui,Selon le locataire,Bruxelles sud/centre,Hyper équipée,1,,,Non,,,"Rue François Desmedt 56
1150 - Woluwé St Pierre",,,,,,,,,,,Oui,Non,,,Oui,,4372024,,15 m²,,,,,,,,,19 mars 2021 - 00:00,Urbain,1,,,Oui,,,,,,,,,,,,,,,,,,,,,,,,,
47,1900,Bon,6 m,2,,250 m²,,,,4,,,Oui,Non,,Connecté,Non,,445 kWh/m²,G,20141124-0000259308-01-2,91 kg CO₂/m²,Non communiqué,,Gaz,Non,Non,Non,Non,Oui,Non,Non,Non,,,700.000 €,1.285 €,Oui,Selon le locataire,,,,,Non,Non,Non,"Oui, conforme","Square Marie Louise, 76
1000 - Bruxelles ville",,,Non,50 m²,,Non,Non,Non,Oui,,Non,Non,Oui,Non,Non,Non,6069242,,35 m²,35 m²,35 m²,25 m²,,,,,250 m²,,,,,,,DUQUESNOY,1 €,4500,,,,,,,,,,,,,,,,,,,,,,
48,,À rafraîchir,,2,,300 m²,,,,3,3,,Non,,40 m²,,,30 m²,438 kWh/m²,G,Non communiqué,88 kg CO₂/m²,Non communiqué,,Gaz,,,,,,,,,,,895.000 €,,Oui,Après la signature de l’acte,,Américaine semi-équipée,4,,,,,,"Rue François Desmedt 56
1150 - Woluwé St Pierre",,,,,,,,,,,,,,,,,4455018,,16 m²,16 m²,16 m²,,,,,,,,Urbain,3,50 m²,,,,,,,,,,,,,,,,,,,,,,,,,,,
49,1918,À rafraîchir,,2,328 m²,Oui,,25 m²,4,3,9 m²,,Non,127 m²,Connecté,Oui,38 m²,Non communiqué,Non communiqué,20180614-0000529938-01-9,38 kg CO₂/m²,Non communiqué,Gaz,,Non,Non,Non,Non,Oui,Non,Non,Non,Zone non inondable,Autre type de zone,800.000 €,1.742 €,Non,"Place du Châtelain 35
1050 - Ixelles",,,,,,,,,,,,,,Non,,,,,,,,,,,,,,,,,,,,,,,,,,,1 m²,,,,,,,,,,,,,,,,,,,,,,,,,,,
50,1903,Excellent état,6 m,2,,263 m²,18 m²,Oui,18 m²,4,2,Oui,Non,,146 m²,Connecté,Oui,12 m²,289 kWh/m²,F,20210511-0000588564-01-3,57 kg CO₂/m²,Non communiqué,,Gaz,,,,,Oui,,,,,,945.000 €,1.615 €,Non,Après la signature de l’acte,,Américaine hyper-équipée,3,16 m²,Oui,Non,,,"Rue Belliard 200
1000 - Bruxelles",,,,,Oui,,,,,,,Non,Oui,Oui,Non,,4406643,,25 m²,18 m²,15 m²,14 m²,,16 m²,,,20 m²,23 mai 2021 - 00:00,,2,60 m²,,,,,,,,,,,,,,,,,,,,,,,,,,,
51,1905,Bon,7 m,2,,370 m²,,,,7,6,Oui,Oui,,120 m²,Connecté,Oui,,274 kWh/m²,E,E,Non communiqué,Non communiqué,,Gaz,,,,,Oui,,,Non,Zone non inondable,,1.180.000 €,1.460 €,Oui,Après la signature de l’acte,,Américaine équipée,6,,,,,,"Av. du Prince de Ligne, 18
1180 - Uccle",,,,,,,,,,Oui,,Non,Oui,Oui,,,4456209,,26 m²,18 m²,18 m²,17 m²,11 m²,,,,405 m²,,,6,,,,,,,,,,,,,,,,,,,,,,,,,,,,
52,1900,Bon,7 m,2,,430 m²,50 m²,,10 m²,4,2,Oui,Non,Oui,317 m²,Connecté,Oui,15 m²,307 kWh/m²,F,20190510-0000549185-01-1,61 kg CO₂/m²,Non communiqué,,Gaz,,,,,Oui,,,,,,1.295.000 €,2.669 €,Oui,Immédiatement,,Hyper équipée,4,110 m²,Oui,Non,Oui,,"Rue Belliard 200
1000 - Bruxelles",,,,,,,,,,,,Non,Oui,Oui,Non,,4364061,1,20 m²,20 m²,15 m²,13 m²,,110 m²,,,15 m²,2 juin 2020 - 00:00,,2,200 m²,,,,,,,,,,,,,,,,,,,,,,,,,,,
53,1900,Bon,9 m,2,,1038 m²,,,,,,,Non,,490 m²,,Oui,,483 kWh/m²,G,T20181120-00,134 kg CO₂/m²,Non communiqué,,Mazout,,,,,,,,,,,3.200.000 €,13.401 €,Oui,Après la signature de l’acte,,Équipée,8,,,,,,"Avenue Louise 200
1050 - Bruxelles",,,,,,,,,,Oui,,,,,,,4508690,,,,,,,,,,,,,,12 m²,,Oui,,,,,,,,,,,,,,,,,,,,,,,,,
54,1906,Bon,,2,,269 m²,,,,6,,,Non,,72 m²,,,,284 kWh/m²,F,20211005-0000596925-01-8,72 kg CO₂/m²,Non communiqué,,Gaz,Non,Non,Non,,Non,,,,,,468.000 €,1.051 €,Non,Après la signature de l’acte,,Équipée,3,,,,,Non,"Av Fr Roosevelt 244/15
1050 - Ixelles",,,,,,,,,,,,,,,,,Kevin Pinto Macedo,,,,,,,,,,,,,3,,,Oui,,,,B9512,,,,,,,,,,,,,,,,,,,,,
55,1899,,7 m,2,509 m²,21 m²,Oui,28 m²,5,5,31 m²,,Non,128 kWh/m²,Connecté,Oui,200 m²,Oui,C,20201102-0000577612-01-2,25 kg CO₂/m²,Non communiqué,128,Gaz,Non,Non,Non,Non,Oui,Non,Non,Non,Zone non inondable,Autre type de zone,2.285.000 €,Non,,"Place du Châtelain 35
1050 - Ixelles",Après la signature de l’acte,,,,Oui,Oui,Oui,,,,,,,Non,,,,,,,,Non,,Non,,,,,,,,,,,,,,,,,8 m²,,,,,,,19 m²,,,,,,,,,,,,,,,,,,,,
56,1874,Bon,7 m,2,,423 m²,,,,4,3,Oui,Non,,218 m²,Connecté,Oui,,631 kWh/m²,G,20200703-0000571086-01-1,236 kg CO₂/m²,Non communiqué,,Gaz,,,,,Oui,,,,Zone non inondable,"Zone d'habitat (résidentiel, urbain ou rural)",1.090.000 €,,Oui,Après la signature de l’acte,,Américaine hyper-équipée,5,5 m²,Oui,Non,,,"Rue Belliard 200
1000 - Bruxelles",,,,,,,,,,,,Non,Oui,,Non,,4347563,,15 m²,13 m²,13 m²,12 m²,,,,,,5 novembre 2020 - 00:00,,3,76 m²,,Oui,,,,,,,,,,,,,,,,,,,,,,,,,
57,1930,Excellent état,,2,,335 m²,,,,6,4,Oui,Non,,132 m²,Connecté,Oui,,144 kWh/m²,C,Non communiqué,31 kg CO₂/m²,Non communiqué,,Gaz,,,,,Oui,,,,,,1.100.000 €,2.034 €,Non,Après la signature de l’acte,,Hyper équipée,5,,Oui,Non,Oui,,"Avenue de Tervuren 113
1040 - Etterbeek",4500212,,,,,,,,,Oui,,Non,,Oui,Non,,,,27 m²,23 m²,23 m²,14 m²,13 m²,26 m²,,,350 m²,3 janvier 2022 - 00:00,,4,50 m²,,Oui,,,,,,,,,,,,,,,,,,,,,,,,,
58,1925,Excellent état,6 m,2,,380 m²,,,,7,4,,Non,,190 m²,Connecté,Oui,5 m²,274 kWh/m²,E,Non communiqué,59 kg CO₂/m²,Non communiqué,,Gaz,,,,,Oui,Non,Non,Non,Zone non inondable,"Zone d'habitat (résidentiel, urbain ou rural)",1.295.000 €,,Oui,Après la signature de l’acte,,Équipée,5,,,Non,,Non,"Avenue de Tervuren 113
1040 - Etterbeek",4367058,,,,,,,,,,,Non,Oui,,Non,,,1,16 m²,16 m²,15 m²,12 m²,12 m²,,6 m,,400 m²,1 août 2021 - 00:00,,1,90 m²,,,,,,,,,,,,,,,,,,,,,,,,,,,
59,1908,Bon,,2,,635 m²,,,,4,1,Oui,Non,,350 m²,Connecté,Oui,15 m²,325 kWh/m²,F,001044319,80 kg CO₂/m²,Non communiqué,,Gaz,,,,,Oui,,Non,Non,Zone non inondable,"Zone d'habitat (résidentiel, urbain ou rural)",1.950.000 €,2.605 €,Non,Après la signature de l’acte,,Semi-équipée,3,,Oui,Non,,,"Place Georges Brugmann, 11
1050 - Ixelles",,,,,Oui,,,,,,,Non,Oui,Oui,Non,,4399354,,15 m²,15 m²,15 m²,,,,,,,,,1,220 m²,,Oui,,,,,,,,,,,,,,,,,,,,,,,,,
60,1918,À rénover,,2,,1500 m²,,,,,,,Oui,Non,233 m²,Non connecté,Oui,,Non communiqué,Non communiqué,Non communiqué,Non communiqué,Non communiqué,,Gaz,Non,Non,Non,Non,Oui,Non,Non,Non,Zone non inondable,Autre type de zone,2.500.000 €,,Oui,,,,,,,Non,,,"Place du Châtelain 35
1050 - Ixelles",,,,,,,,,,,,Oui,,Non,,,,,,,,,,,,,,,,,,,,,,,,,Immeuble à appartements,,,,,,,,,,,,,,,,,,,
61,1918,À rénover,,2,,1500 m²,,,,,,,Oui,Non,233 m²,Non connecté,Oui,,Non communiqué,Non communiqué,Non communiqué,Non communiqué,Non communiqué,,Gaz,Non,Non,Non,Non,Oui,Non,Non,Non,Zone non inondable,Autre type de zone,2.500.000 €,,Non,,,,,,,Non,,,"Place du Châtelain 35
1050 - Ixelles",,,,,,,,,,,,Oui,,Non,,,,,,,,,,,,,,,,,,,,,,,,,Immeuble à appartements,,,,,,,,,,,,,,,,,,,
62,,Excellent état,,2,,200 m²,,,,,2,,Non,Non,94 m²,Connecté,Oui,,Non communiqué,Non communiqué,Non communiqué,Non communiqué,Non communiqué,,Gaz,Non,Non,Non,Oui,Non,,Non,,Zone non inondable,,685.000 €,,Non,À définir,,Hyper équipée,,,Non,Non,Non,,,,,Non,,,Non,Non,Non,Non,,Non,Non,Oui,Oui,Non,"Oui, conforme",,,,,,,,,,,,,,,30 m²,,,,,,,Non,,Sud,Non,Non,Non,Oui,,,,,,,,,,,,,,
63,1920,Excellent état,,3,,390 m²,,,,5,3,Oui,,,929 m²,Connecté,Oui,40 m²,562 kWh/m²,G,20170606-0000505656-01-3,148 kg CO₂/m²,Non communiqué,,Mazout,,,,,,,,Non,Zone non inondable,"Zone d'habitat (résidentiel, urbain ou rural)",2.275.000 €,4.315 €,Non,Après la signature de l’acte,,,,,Oui,,,,"Avenue Delleur, 8
1170 - Watermael-Boitsfort",,,,,Oui,,,,,,,,,,,,030/27697,1,,,,,,,,,,,,,,,,,,,,,,,,,,,,,,,,,,,,,,,,
64,1933,Bon,8 m,2,,650 m²,73 m²,,,4,4,Oui,Non,,395 m²,,,20 m²,190 kWh/m²,D,Non communiqué,38 kg CO₂/m²,Non communiqué,,Gaz,,,,,Oui,,,,,,3.250.000 €,8.085 €,Non,Après la signature de l’acte,,Hyper équipée,6,47 m²,Oui,,Oui,Non,"Rue J. Hazard, 35
1180 - Uccle",,,,,,,,,,,,Oui,,Oui,,,196426 - 111114685,2,,,,,,,,,,,,,150 m²,1,,,,,,,,,,,,,Oui,,,,,,,,,,,,,
65,,,,2,,202 m²,,,,4,4,,Oui,Non,52 m²,Non connecté,Oui,,215 kWh/m²,E,20190124-0000542665-01-9,43 kg CO₂/m²,Non communiqué,215,Gaz,Non,Non,Non,Non,Oui,Non,Non,Non,Zone non inondable,Autre type de zone,895.000 €,1.241 €,Oui,,,,,,,,,,"Rue Archimède 17
1000 - Bruxelles ville",,,,,,,,,,,,,,,,,,,,,,,,,,,,,,,,,,,,,,,Immeuble à appartements,,,,,,,,,,,,,,,,,,,
66,1927,Bon,,2,,320 m²,,,,9,4,,Non,,89 m²,,,,Non communiqué,Non communiqué,Non communiqué,Non communiqué,Non communiqué,,Gaz,,,,,Oui,,,,,,595.000 €,,Oui,,,Équipée,4,,,,,Non,"Rue J. Hazard, 35
1180 - Uccle",,,,,,,,,,,,,,,,,219821 - 111115093,,,,,,,,,,,,,,16 m²,,,,,,,,,,,,,,,,,,,,,,,,,,,
67,,À rénover,9.6 m,2,,377 m²,,,,6,3,Oui,Non,,126 m²,Connecté,Oui,,198 kWh/m²,D,20210605-0000590127-01-5,39 kg CO₂/m²,Non communiqué,,Gaz,,,,,Oui,,,,,,795.000 €,2.233 €,Oui,À définir,,Semi-équipée,5,7 m²,Oui,Non,,,"Rue Belliard 200
1000 - Bruxelles",,,,,Oui,,,,,,,Non,Oui,,Non,,4399942,,20 m²,20 m²,16 m²,16 m²,16 m²,,,,,2 juin 2021 - 00:00,,3,,,,,,,,,,,,,,,,,,,,,,,,,,,,
68,,Bon,5.85 m,2,,236 m²,40 m²,Oui,8 m²,4,2,,Non,,124 m²,Connecté,Oui,10 m²,313 kWh/m²,F,20210512-TEST,63 kg CO₂/m²,Non communiqué,,Gaz,,,,,Oui,,,,,,795.000 €,1.535 €,Non,À définir,,Hyper équipée,3,15 m²,Oui,Non,,,"Rue Belliard 200
1000 - Bruxelles",,,,,,,,,,,,Non,Oui,Oui,Non,,4362329,,16 m²,16 m²,16 m²,15 m²,,,,,10 m²,31 janvier 2022 - 00:00,,1,53 m²,,,,,,,,,,,,,,,,,,,,,,,,,,,
69,1837,,8 m,2,,300 m²,,,,6,3,,Non,,76 m²,,,50 m²,407 kWh/m²,G,20140328000021947018,88 kg CO₂/m²,Non communiqué,,Gaz,,,,,Oui,,,,Zone non inondable,,1.350.000 €,2.161 €,Oui,,,Américaine équipée,5,110 m²,Oui,,,Non,"Rue de Stalle 288C
1180 - Uccle",,,,,,,,,,,,,,,,,14701 - FROMAGE 24-2,,,,,,,,,,,,,,,,,,,,,,,,,,,,,,,,,,,,,,,,,
70,1941,À rénover,14 m,2,300 m²,50 m²,Oui,Pas équipée,4,20 m²,3,Oui,,,Connecté,Oui,50 m²,Non,G,20210701­0000591839­01,112 kg CO₂/m²,Non communiqué,1.950.000 €,,,,,,,,,,,,,Non,,"Avenue Louise 200
1050 - Bruxelles",Après la signature de l’acte,,20 m²,12 m²,Oui,Oui,Oui,,,4380986,,,,,213 m²,,,,,,,Non,,Non,560 kWh/m²,,,1,25 m²,9 m²,12 m²,3,,,,,,,,5,30 m²,,,,,,,,,,,,,,,,,,,,,,,,,,,
71,2015,Excellent état,,3,,648 m²,45 m²,Oui,,10,7,,,Oui,400 m²,Connecté,Oui,54 m²,150 kWh/m²,C,20160509-0000337033-01-1,32 kg CO₂/m²,Non communiqué,,Gaz,,,,,Oui,,,,,,2.685.000 €,5.954 €,Oui,Après la signature de l’acte,,Équipée,7,,Oui,,,,"Avenue Louise 367
1050 - Ixelles",4401980,,,,,,,,,,,Oui,,,,,,5,,,,,,,,,,,,7,,,,,,,,,,,,,,,,,,,,,,,,,,,,
72,,,,2,,202 m²,,,,4,4,,Oui,Non,52 m²,Non connecté,Oui,,215 kWh/m²,E,20190124-0000542665-01-9,43 kg CO₂/m²,Non communiqué,215,Gaz,Non,Non,Non,Non,Oui,Non,Non,Non,Zone non inondable,Autre type de zone,895.000 €,1.241 €,Oui,,,,,,,,,,"Rue Archimède 17
1000 - Bruxelles ville",,,,,,,,,,,,,,,,,,,,,,,,,,,,,,,,,,,,,,,Immeuble à appartements,,,,,,,,,,,,,,,,,,,
73,1900,À rafraîchir,6 m,2,,300 m²,,,,,,,Non,Non,84 m²,,Non,,Non communiqué,Non communiqué,Non communiqué,Non communiqué,Non communiqué,,,Non,Non,Non,Non,Non,,,,,,1.700.000 €,,Non,Immédiatement,,,,,Non,,,,,,,Non,,,Non,Non,Non,Non,,,,,,,,,,,,,,,,,,,,,,,,,,200 €,,,Non,Toutes sortes,,,,,,,,,,,,,,,,,,,
74,1900,Bon,,2,,1425 m²,,,,1,3,Oui,Non,,500 m²,,Oui,54 m²,Non communiqué,Non communiqué,Non communiqué,Non communiqué,Non communiqué,,Mazout,,,,,Oui,,Non,Non,,"Zone d'habitat d'intérêt culturel, historique et/ou esthétique",3.200.000 €,13.401 €,Oui,Après la signature de l’acte,,Équipée,10,767 m²,Oui,Non,,,"Place Georges Brugmann, 11
1050 - Ixelles",,,,,Oui,,,,,,,Oui,,,Non,,4508814,,,,,,,,,,1425 m²,29 mars 2019 - 00:00,,5,100 m²,,,,,,,,,,,,,,,,,,,,,,,,,,,
75,1890,À rafraîchir,,2,,245 m²,,Oui,,8,8,Oui,Non,,120 m²,Connecté,Non,40 m²,252 kWh/m²,E,20181024-0000537693-01-1,50 kg CO₂/m²,Non communiqué,,Gaz,,,,,Oui,,,,Zone non inondable,,825.000 €,1 €,Oui,Après la signature de l’acte,,Équipée,8,,,,,,"Avenue Baron Albert d'Huart 130
1950 - Kraainem",,,,,Oui,,,,,,,,,,,,4498161,1,12 m²,,,,,,,,,1 septembre 2021 - 00:00,,8,40 m²,1,Oui,,,,,,,,,,,,,,,,,,,,,,,,,
76,1900,Excellent état,14 m,3,,293 m²,18 m²,,9 m²,4,4,Oui,Oui,,76 m²,Connecté,Oui,18 m²,262 kWh/m²,E,Non communiqué,56 kg CO₂/m²,Non communiqué,,Gaz,,,,,Oui,Oui,Non,Non,Zone non inondable,,1.350.000 €,,Oui,À définir,,Équipée,,,,Non,,,"Chaussée de Waterloo 1382
1180 - Uccle",,,,,,,,,,,,Non,Oui,,Non,,4265654,,15 m²,15 m²,15 m²,15 m²,,,14 m,Oui,76 m²,,,4,,,,,,,,,,,,,,,,,,,,,,,,,,,,
77,1981,Excellent état,,3,,515 m²,75 m²,,25 m²,5,4,,,,600 m²,Connecté,Oui,,290 kWh/m²,F,20200416-TEST,75 kg CO₂/m²,Non communiqué,,Mazout,,,,,Oui,,,,,,1.950.000 €,,Oui,Après la signature de l’acte,,Équipée,5,,,,Oui,,"Avenue Louise 367
1050 - Ixelles",4401969,,,,,,,,,,,Oui,Oui,,,,,3,30 m²,30 m²,25 m²,20 m²,16 m²,,,,,,,4,,,,,,,,,,,,,,,,,,,,,,,,,,,,
78,1950,Excellent état,20 m,4,,600 m²,50 m²,,,5,3,Oui,Non,Oui,2363 m²,,,,Non communiqué,Non communiqué,Non communiqué,Non communiqué,Non communiqué,,Gaz,,,,,Oui,,,,,,2.800.000 €,10.032 €,Non,,,Hyper équipée,4,25 m²,Oui,,,Non,"Rue J. Hazard, 35
1180 - Uccle",,,,,,,,,,,,Oui,Oui,Oui,,,216101 - 111115065,2,,,,,,,,,,,,,1500 m²,,,,,,,,,,,,,,Oui,,,,,,,,,,,,,
79,1900,À rafraîchir,,2,,1425 m²,,,,,,Oui,Non,,,,,,483 kWh/m²,G,Non communiqué,134 kg CO₂/m²,Non communiqué,,Mazout,,,,,,,,,,,3.200.000 €,13.401 €,Oui,Après la signature de l’acte,,Semi-équipée,10,,,Non,,,"Rue des Sablons 19
1000 - Bruxelles",4509311,,,,,,,,,Oui,,Oui,,,Non,,,,,,,,,,,,,30 mai 2020 - 00:00,,,120 m²,,Oui,,,,,,,,,,,,,,,,,,,,,,,,,
80,,Bon,,,,210 m²,,,,8,,Oui,Non,,,,Oui,8 m²,217 kWh/m²,E,En demande,Non communiqué,Non communiqué,,Gaz,,,,,Oui,Oui,Non,Non,,"Zone d'habitat (résidentiel, urbain ou rural)",Faire offre à partir de 650.000 €,1.068 €,Non,,,Équipée,3,,,,,"Oui, conforme","Sint-Gisleinsstraat 53
1000 - Bruxelles ville",,,,,,,,,,,,,,,,,537 - 1585,,,,,,,,,Oui,,,,2,,,,,,,,,,,,,,,,,,,,,,,,,,,,
81,1934,Bon,6.5 m,2,,222 m²,,,17 m²,5,2,Oui,Non,,,Connecté,Non,,Non communiqué,Non communiqué,Non communiqué,Non communiqué,Non communiqué,,Gaz,,,,,,,Non,,,,605.000 €,,Non,Après la signature de l’acte,,Américaine équipée,3,,,,,,"Avenue René Gobert 26
1180 - Bruxelles",4501658,,,,,,,,,,,,,,,,,1,,,,,,,6.5 m,,221 m²,,,2,40 m²,2,,,,,,,,,,,,,,,,,,,,,,,,,,
82,1937,À rafraîchir,,2,,250 m²,,,,2,1,,Non,,75 m²,Connecté,Oui,30 m²,188 kWh/m²,D,20191008-0000557682-01-0,38 kg CO₂/m²,Non communiqué,,,,,,,Oui,,,,,,575.000 €,,Oui,À définir,,Hyper équipée,3,,,,,,"Rue des Sablons 19
1000 - Bruxelles",4192596,,,,,,,,,,,,,,,,,,10 m²,10 m²,,,,90 m²,6 m,,,,,1,,,Oui,,,,,,,,,,,,,,,,,,,,,,,,,
83,1928,Excellent état,5.5 m,2,,300 m²,70 m²,,,5,2,Oui,,,209 m²,Connecté,Oui,20 m²,274 kWh/m²,E,20160906-0000353285-01-8,58 kg CO₂/m²,Non communiqué,,Gaz,,,,,,,,,,,1.400.000 €,3.158 €,Non,Après la signature de l’acte,,Hyper équipée,,,Oui,,,,"Avenue Delleur, 8
1170 - Watermael-Boitsfort",,,,,,,,,,,,,,,,,030/24384,1,20 m²,12 m²,12 m²,11 m²,11 m²,,,,,,,,,,,,,,,,,,,,,,,,,,,,,,,,,,,
84,1957,Bon,18.3 m,4,,,40 m²,Oui,27 m²,4,3,Oui,Non,,19 m²,Connecté,Non,,465 kWh/m²,G,20160302-0000328692-01-0,131 kg CO₂/m²,Non communiqué,,Mazout,,,,,,,,,,,4.000.000 €,,Non,Après la signature de l’acte,,Équipée,4,26 m²,Oui,,,,"Avenue Louise 366
1050 - Bruxelles-Quartier Louise",,,,,Oui,,,,,Oui,,,,,,,4195347,2,18 m²,20 m²,21 m²,20 m²,,,28.3 m,,,,,,,5,,,,,,,,,,,,,,,,,,,,,,,,,,
85,,Bon,6 m,,,180 m²,50 m²,,14 m²,5,,Oui,Non,,,,Oui,,242 kWh/m²,E,20210901-0000111366-01-9,Non communiqué,Non communiqué,,Gaz,,,,,Oui,,,,,,550.000 €,2.900 €,Non,Après la signature de l’acte,,Équipée,3,,,,,Non,"Venelle de la réserve 2
1300 - Wavre",,,,,,,,,,,,,,,,,4876 - 2890,,21 m²,19 m²,14 m²,10 m²,9 m²,,,,,,,3,,,,,,,,,,,,,,,,,,,,,,,,,,,,
86,,À rénover,,,,220 m²,35 m²,,,6,1,Oui,Non,,140 m²,,Oui,,Non communiqué,Non communiqué,Non communiqué,Non communiqué,Non communiqué,,Gaz,,,,,Oui,,,,,,499.000 €,,Non,Après la signature de l’acte,,Semi-équipée,2,,,,,Non,"Rue Victor Hugo 81
1030 - Schaerbeek",,,,,,,,,,,,,,,,,1862 - 1931,,,,,,,,,,,,Urbain,,50 m²,,,,,,,,,Sud,,,,,,,,,,,,,,,,,,
87,2015,Excellent état,,3,,140 m²,45 m²,,,2,2,Oui,,Oui,400 m²,Connecté,Oui,,120 kWh/m²,C,20170413-0000501904-01-2,23 kg CO₂/m²,Non communiqué,,Gaz,,,,,Oui,,,,,,695.000 €,1.694 €,Oui,Après la signature de l’acte,,,2,,Oui,,,,"Avenue Louise 367
1050 - Ixelles",4401984,,,,,,,,,,,Oui,,,,,,1,20 m²,28 m²,,,,,,,,,,2,,1,,,,,,,,,,,,,,,,,,,,,,,,,,
88,,Excellent état,,2,,225 m²,,,,4,4,,Oui,,,Connecté,Oui,10 m²,184 kWh/m²,D,20190124-0000542667-01-5,Non communiqué,Non communiqué,,Gaz,,,,,Oui,,,,,"Zone d'habitat (résidentiel, urbain ou rural)",895.000 €,415 €,Oui,Selon le locataire,,Hyper équipée,4,,,Non,,,"Avenue François Sebrechts 26
1080 - Molenbeek",,,,,,,,,,,,Non,Oui,,Non,,4497483,,13 m²,14 m²,13 m²,13 m²,,,,,,,,4,,,Oui,,,,,,,,,,,,,,,,,,,,,,,,,
89,,À rafraîchir,,2,,350 m²,,,,,,,Non,,,,,,927 kWh/m²,G,20210726-0000593097-01-1,Non communiqué,Non communiqué,,,,,,,,,,Non,,,1.149.000 €,2.491 €,Oui,,,,,,,,,,"Tour & Taxis - Havenlaan 86c 106c
1000 - Brussels",,,,,,,,,,,,,,,,,D1000-21104,,,,,,,,,Oui,,,Urbain,,,2,,,,,,,,,,,,,,,,,,,,,,,,,,
90,,Bon,,,460 m²,Équipée,,,,Non,,Oui,294 m²,,Connecté,Oui,Non communiqué,,Non communiqué,Non communiqué,Non communiqué,Non communiqué,Gaz,,Non,Oui,,,,Zone non inondable,,,,"Zone d'habitat (résidentiel, urbain ou rural)",1.250.000 €,Oui,,"rue de la Cambre 184
1200 - Bruxelles",À définir,,6,Oui,,,,,,,,,6,,,,,,,,,,,,,,,,,,,,,,,,,,,,,,,,,,,,,,,,,,,,,,,,,,,,,,,
91,1930,Bon,7 m,2,,450 m²,,,,6,6,Oui,Non,,192 m²,Connecté,Oui,,210 kWh/m²,D,Non communiqué,45 kg CO₂/m²,Non communiqué,,Gaz,,,,,Oui,,,,,Parc résidentiel,1.595.000 €,3.829 €,Oui,Selon le locataire,,Américaine hyper-équipée,5,,,Non,,,"Rue Belliard 200
1000 - Bruxelles",,,,,,,,,,,,Non,Oui,,Non,,4519837,,20 m²,20 m²,15 m²,15 m²,14 m²,,,,191 m²,,,5,,,Oui,,,,,,,,,,,,,,,,,,,,,,,,,
92,,Excellent état,,4,,1240 m²,,,,14,5,Oui,Non,,153030 m²,Connecté,Non,,594 kWh/m²,G,2379698,Non communiqué,Non communiqué,,,,,,,,,,,,,3.950.000 €,5.352 €,Non,À définir,,Hyper équipée,6,,Oui,Oui,,,"Rue des Sablons 19
1000 - Bruxelles",4403013,,,,Oui,,,,,Oui,,Non,,Oui,Non,,,5,,,,,,,,,,,,,150000 m²,10,Oui,,,,,,,,,,,,,,,,,,,,,,,,,
93,1900,,,2,,320 m²,,,,5,3,,Non,,86 m²,,,,293 kWh/m²,F,20200625-000057047-01-49,58 kg CO₂/m²,Non communiqué,,Gaz,Non,Non,Non,,Non,,,,,,1.145.000 €,,Non,,,Équipée,4,,,,,Non,"Avenue Emile de Beco 89
1050 - Ixelles",1000RBV030,,,,,,,,,,,,,,,,,,,,,,,,,,,,,,,,,,,,AS BUILD,,,,,,,,,,,,,,,,,,,,,
94,1876,Bon,,2,,400 m²,,,,1,1,,Non,,,,,15 m²,Non communiqué,Non communiqué,Non communiqué,Non communiqué,Non communiqué,,,,,,,,,,,,,1.500.000 €,,Non,Après la signature de l’acte,,Équipée,,,,,,,"Avenue Louise 200
1050 - Bruxelles",,,,,,,,,,,,,,,,,4454277,,,,,,,,,,,31 décembre 2021 - 00:00,,,,,Oui,,,,,,,,,,,,,,,,,,,,,,,,,
95,1957,À rénover,28.3 m,4,,450 m²,,,,3,2,Oui,,,1961 m²,,,44 m²,465 kWh/m²,G,20160302-0000328692-01-0,131 kg CO₂/m²,Non communiqué,,,,,,,,,,,,,4.000.000 €,,Non,,,,1,27 m²,Oui,,,,"Avenue J. Burgers, 2 b24
1180 - Uccle",,1,,,Oui,,,,,,,,,,,,010/16001,2,,,,,,,,,,,,,,,,,,,,,,Sud,,,,,,Oui,,,,,,,,,,,,
96,1920,Bon,,2,,173 m²,,,,2,1,,Non,,85 m²,,,,499 kWh/m²,G,20210910-0000595466-01-6,100 kg CO₂/m²,Non communiqué,,Gaz,Non,Non,Non,,Non,,,,,,395.000 €,,Oui,,,,3,,,,,Non,"Av Fr Roosevelt 244/15
1050 - Ixelles",,,,,,,,,,,,,,,,,Kevin Pinto Macedo,,22 m²,16 m²,,,,,,,,,,,,,Oui,,,,B9505,,,,,,,,,,,,,,,,,,,,,
97,,,,2,,450 m²,,,,,1,Oui,Non,,,,,,210 kWh/m²,D,Non communiqué,Non communiqué,Non communiqué,,,,,,,,,,,Zone non inondable,,1.595.000 €,,Oui,,,Pas équipée,2,,,,,Non,"Rue Washington 128b
1050 - Bruxelles",,,,,,,,,,Oui,,,,,,,9046 - 353,,,,,,,,,,,,,1,,,,,,,,,,,,,,,,,,,,,,,,,,,,
98,,,,2,,400 m²,,,,3,3,,Oui,,85 m²,Connecté,Oui,,Non communiqué,Non communiqué,Non communiqué,Non communiqué,Non communiqué,,,,,,,Oui,,,,,,1.690.000 €,2.592 €,Oui,Après la signature de l’acte,,Semi-équipée,,,,,,,"Avenue Brugmann 10
1060 - Bruxelles",,,,,,,,,,,,,Oui,,,,4162994,,,,,,,,,,,,,,,,,,,,,,,,,,,,,,,,,,,,,,,,,
99,,,,,,1,,,,790 m²,,,,,Non communiqué,,,,Non communiqué,Non communiqué,Non communiqué,Non communiqué,500.000 €,,,,,,,,,,,,,,Oui,100,,,,,,,,,,Gaétan BLEECKX,,,,,,,,,,,,,,,,,,,,,,,,,,,,,,,,,,,,,,,,,,,,,,,Non,(àpd 2/9 SANS RDV) : lun. 14-16h et jeu. 11-13h,1373 m²,5.365 €,"Place Maurice Van Meenen, 2/1
1060 - BRUXELLES/BRUSSEL",,,,,,,
100,,,,2,,,,,,2,2,,Oui,,,,,,Non communiqué,Non communiqué,Non communiqué,Non communiqué,Non communiqué,,,,,,,,,,,,,1.500.000 €,,Oui,Selon le locataire,,,,,,,,,"Rue de Wavre, 27
1300 - Wavre",,,,,,,,,,,,,,,,,4269342,,,,,,,,,,,,,,,,,,,,,,,,,,,,,,,,,,,,,,,,,
101,1920,À rénover,5 m,2,,190 m²,,,,,2,,Non,Non,80 m²,Connecté,Oui,,389 kWh/m²,G,20200731-0000572560-01-5,Non communiqué,Non communiqué,,Gaz,Non,Non,Non,Oui,Non,,,Non,,"Zone d'habitat d'intérêt culturel, historique et/ou esthétique",650.000 €,1.417 €,Oui,Après la signature de l’acte,,,4,,Non,Non,Non,,,,,Non,,,Oui,Non,Non,Oui,,Non,Non,Oui,Non,Non,,,,,,,,,,5 m,,,,Urbain,3,,,,,65 €,770,,Non,Immeuble à appartements,,Non,Non,Non,Oui,,,,,,,50,Classe énergétique G. Numéros de référence des CPEB : 1er étage : 20200731-0000572560-01-5 2ème étage : 20200731-0000572561-01-3 3ème étage : 20200731-0000572562-01-1,Non,,,,,
102,1874,Bon,,2,,476 m²,,,,3,3,,,,221 m²,,,,510 kWh/m²,G,Non communiqué,81 kg CO₂/m²,Non communiqué,,Gaz,,,,,Oui,,,,,,1.090.000 €,2.216 €,Oui,Selon le locataire,,Hyper équipée,4,,,,,,"Av. Van Crombrugghe 59
1150 - Woluwe",4454087,,,,,,,,,Oui,,,,,,,,,15 m²,13 m²,13 m²,,,,,,,,Urbain,3,76 m²,,,,,,,,,,,,,,,,,,,,,,,,,,,
103,1918,Fraîchement rénové,6 m,,,235 m²,35 m²,,,4,,,Non,,103 m²,,,11 m²,682 kWh/m²,G,Non communiqué,Non communiqué,Non communiqué,,Gaz,,,,,,,,,,,Faire offre à partir de 390.000 €,999 €,Non,Immédiatement,Centre ville,,1,,,,,Non,"Place Dr. Schweitzer 18
1082 - Berchem-Ste-Agathe",,,,,,,,,,,,,,,,,1710 - 10000871,1,,,,,,,,,,,,1,,,,,,,,,,,,,,,,,,,,,,,,,,,,
104,1899,,5.5 m,2,,334 m²,23 m²,Oui,28 m²,6,2,,Non,Oui,97 m²,Connecté,Oui,,238 kWh/m²,E,Non communiqué,Non communiqué,Non communiqué,,Gaz,,,,,Oui,,,,,,759.000 €,1.881 €,Non,Après la signature de l’acte,Brussels Hoofdstedelijk Gewest,Américaine équipée,4,12 m²,Oui,,,,"Bevrijdingsplein 2
1500 - Halle",,,,,Oui,,,,,,,Non,,,,,4529814,1,22 m²,16 m²,17 m²,12 m²,12 m²,,,,,,,1,,1,,,,,,,,,,,,,,,,,,,,,,,,,,
105,1904,Bon,6 m,2,,247 m²,20 m²,Oui,15 m²,4,2,,Non,Non,96 m²,Connecté,Oui,20 m²,Non communiqué,Non communiqué,Non communiqué,Non communiqué,Non communiqué,,,Non,Non,Non,Oui,Oui,,,,Zone non inondable,"Zone d'habitat (résidentiel, urbain ou rural)",695.000 €,,Non,Immédiatement,,Américaine équipée,3,20 m²,Oui,Non,Non,,,,,Oui,15 m²,Oui,Oui,Non,Non,Non,,Non,Non,Oui,Non,Non,,,,15 m²,18 m²,12 m²,18 m²,,15 m²,6 m,Oui,247 m²,,"Zone d'habitat (résidentiel, urbain ou rural)",1,20 m²,,,,,,,Oui,Maison bel-étage,,Non,Non,Non,Non,Oui,,,,,,,,,Oui,Sud,Maison unifamiliale anciennement divisé en 3 appartements,,
106,,Bon,,,,200 m²,,,,9,,Oui,Non,,,,,,341 kWh/m²,F,Non communiqué,Non communiqué,Non communiqué,,Gaz,,,,,,Oui,Non,Non,Zone non inondable,"Zone d'habitat (résidentiel, urbain ou rural)",Faire offre à partir de 775.000 €,,Non,,Européen,Équipée,4,,,,,"Oui, conforme","Sint-Gisleinsstraat 53
1000 - Bruxelles ville",,,,,,,,,,,,,,,,,536 - 1578,,,,,,,,,Oui,,,,4,,,,,,,,,,,,,,,,,,,,,,,,,,,,
107,1910,Excellent état,,2,,256 m²,49 m²,,17 m²,6,,,Non,,101 m²,,,9 m²,221 kWh/m²,E,Non communiqué,Non communiqué,Non communiqué,,Gaz,,,,,Oui,,,,,,760.000 €,1.551 €,Oui,,,Équipée,3,,,,,Non,"Avenue du Hockey, 40
1150 - Woluwe-St-Pierre",,,,3 m²,,,,,,,,,,Oui,,,6127 - 4602,1,23 m²,22 m²,22 m²,22 m²,15 m²,,5.5 m,,,,,2,,,,,,2485,,,,,,,,,,,,,,,,,,,,,,
108,,Excellent état,9 m,2,,550 m²,86 m²,,16 m²,5,6,Oui,Non,,,,Oui,15 m²,143 kWh/m²,C,Non communiqué,31 kg CO₂/m²,Non communiqué,,Gaz,,,,,Oui,,,,,,2.250.000 €,8.531 €,Oui,Immédiatement,,,6,30 m²,Oui,,Oui,,"Avenue Louise 160 Rez
1050 - Bruxelles",,,,,,,,,,,,Oui,,Oui,,,4358973,4,30 m²,23 m²,23 m²,18 m²,,,,,,,,,,,,,,,,,,,,,,,,,,,,,,,,,,,,
109,,À rafraîchir,,2,,295 m²,,,,6,1,,Non,Non,1000 m²,,Non,,Non communiqué,Non communiqué,20210428000058740017,131 kg CO₂/m²,Non communiqué,,Gaz,Non,Non,Non,Non,Oui,,,,,,750.000 €,,Oui,Après la signature de l’acte,,,5,,Non,,,,,,,Non,,,Non,Non,Non,Non,,,,,,,,,,11 m²,12 m²,12 m²,17 m²,17 m²,,,,,,Urbain,4,,,,,,,,Non,Toutes sortes,,,,,,,,,,,,,,,,,,,
110,1899,Excellent état,,2,,160 m²,45 m²,,14 m²,3,2,Oui,Non,,113 m²,,,,Non communiqué,Non communiqué,Non communiqué,Non communiqué,Non communiqué,,Gaz,,,,,Oui,,,,,,695.000 €,,Non,À définir,Bruxelles- Quartier CEE,Hyper équipée,2,15 m²,Oui,,,,"Rue Franklin 90
1000 - Bruxelles ville",,,,,,,,,,,,,,,,,4535147,,20 m²,15 m²,12 m²,,,,,,69 m²,,"Zone d'habitat (résidentiel, urbain ou rural)",1,43 m²,,,,,,,,,,,,,,,,,,,,,,,,,,,
111,,Bon,,2,,285 m²,,,,3,1,,Non,,,Connecté,Oui,,395 kWh/m²,G,20140310-0000216938-01-6,120 kg CO₂/m²,Non communiqué,,Gaz,,,,,,,,,,,680.000 €,1.006 €,Oui,Après la signature de l’acte,,Hyper équipée,2,,,Non,,,"Rue Royale 178
1000 - Bruxelles",,,,,,,,,,,,Non,Oui,,Non,,4444808,,22 m²,21 m²,20 m²,,,,,,,,,,,,,,,,,,,,,,,,,,,,,,,,,,,,,
112,,Excellent état,3.6 m,2,,123 m²,30 m²,,10 m²,3,1,Oui,Non,,40 m²,Connecté,Oui,,Non communiqué,Non communiqué,Non communiqué,Non communiqué,Non communiqué,,Gaz,,,,,,,,,Zone non inondable,,599.000 €,,Non,Selon le locataire,Bruxelles (19 communes),Semi-équipée,2,,,,,,"Chaussée de Gand 331
1081 - Koekelberg",,,,,,,,,,,,,,,,,4411731,,20 m²,20 m²,,,,,,,40 m²,,,2,,,,,,,,,,,,,,,,,,,,,,,,,,,,
113,1992,Fraîchement rénové,12 m,2,,189 m²,60 m²,,,3,2,,,,,,Oui,16 m²,218 kWh/m²,E,20140521-0000229589-01-1,47 kg CO₂/m²,Non communiqué,,,,,,,Oui,,,,,,749.000 €,3.254 €,Non,Après la signature de l’acte,,Équipée,3,,,,,,"Chée de Vleurgat, 177
1050 - Ixelles",,,,,,,,,,,,,Oui,,,,64372,,,,,,,,,Oui,,,,,,2,,,150 €,,,,,,,,,,,,,,,,,,,,Nord-ouest,,,
114,,Excellent état,,2,,405 m²,,,,7,5,,,,,,,,Non communiqué,Non communiqué,Non communiqué,Non communiqué,Non communiqué,,Gaz,,,,,Oui,,,,,,1.195.000 €,,Non,Après la signature de l’acte,,Hyper équipée,,,,,,,"Winderickxplein 25
1652 - Alsemberg",4426024,,,,,,,,,,,,,,,,,,,,,,,,,,,,,,,,,,,,,,,,,,,,,,,,,,,,,,,,,
115,,À rafraîchir,,,,365 m²,,,,7,2,,,,,,,,143 kWh/m²,C,20190726-0000553877-07-8,28 kg CO₂/m²,Non communiqué,,Mazout,,,,,,,,,,,749.000 €,,Oui,Après la signature de l’acte,,,,,Oui,,,,"Rue de Laeken 91
1000 - Bruxelles",798/17158,,,,Oui,,,,,,,,,,,,,1,,,,,,,,,,,,4,,1,,,,,,,,,,,,,,,,,,,,,,,,,,
116,,Fraîchement rénové,,2,,700 m²,,,,,,,Non,Non,,Connecté,Non,,Non communiqué,Non communiqué,Non communiqué,Non communiqué,Non communiqué,,Gaz,Non,Non,Non,Oui,Oui,,,,,,1.950.000 €,,Oui,Après la signature de l’acte,,,,,Non,Non,Oui,Non,"Boulevard du Neuvième de Ligne 35
1000 - Bruxelles",6059427,,Non,,,Non,Non,Non,Non,,Non,Oui,Non,Non,Non,Non,,,,,,,,,,,,,,,,,,,,,Clothilde HACOURT,,,,,,,,,,,,,,,,,,,,,
117,,,,1,,,,,,4,,,Non,Non,34 m²,,Non,,Non communiqué,Non communiqué,Non communiqué,Non communiqué,Non communiqué,,Gaz,Non,Non,Non,Non,Oui,,,,,,900.000 €,,Oui,Après la signature de l’acte,,,,,Non,,,,,,,Non,,,Non,Non,Non,Non,,,,,,,,,,,,,,,,,Oui,,,,,,,,,,,,Non,Toutes sortes,,,,,,,,,,,,2,,,,,,,
118,1956,,,,,480 m²,,,,10,6,Oui,,,,,,50 m²,352 kWh/m²,G,20180522-0000628111-01-9,89 kg CO₂/m²,Non communiqué,,,,,,,,,,,,,1.100.000 €,,Oui,À définir,,,,,Oui,,,,"Avenue de l'Hopital Français 15
1081 - Koekelberg",,,,,Oui,,,,,,,,,,,,798/17059,,,,,,,,,,,,,,,,,,,,,,,,,,,,,,,,,,,,,,,,,
119,,,,,,100 m²,,,,1,,Oui,,,,,,,Non communiqué,Non communiqué,Non communiqué,Non communiqué,Non communiqué,,Gaz,,,,,,,,,,,349.000 €,1.021 €,Oui,Après la signature de l’acte,,,,,Oui,,,,"Avenue de Woluwe-Saint-Lambert 35
1200 - Woluwe-Saint-Lambert",,,,,,,,,,Oui,,,,,,,798/17432,,,,,,,,,,,,,1,,,,,,,,,,,,,,,,,,,,,,,,,,,,
120,,,,,,250 m²,20 m²,,,4,,,Non,,,,Oui,,Non communiqué,Non communiqué,Non communiqué,Non communiqué,Non communiqué,,,,,,,,,,,,,360.000 €,,Oui,,,,2,,,,,Non,"Rue Victor Hugo 81
1030 - Schaerbeek",,,,,,,,,,,,,,,,,1890 - 1949,,,,,,,,,,,,Urbain,1,,,,,,,,,,,,,,,,,,,,,,,,,,,,
121,,À rénover,,2,,860 m²,,,,,,,Non,,,,,,Non communiqué,Non communiqué,Non communiqué,Non communiqué,Non communiqué,,,,,,,,,,Non,,,775.000 €,,Oui,,,,,,,,,,"Tour & Taxis - Havenlaan 86c 106c
1000 - Brussels",,,,,,,,,,,,,,,,,D1000-21078,,,,,,,,,Oui,,,Urbain,,,4,,,,,,,,,,,,,,,,,,,,,,,,,,
122,,,,3,,860 m²,,,,8,4,,,,,,,,Non communiqué,Non communiqué,Non communiqué,Non communiqué,Non communiqué,,,,,,,,,,,,,775.000 €,,Oui,Après la signature de l’acte,,,,,,,,,"Rue de la Victoire 144
1060 - Saint-Gilles",,,,,,,,,,Oui,,,,,,,4395645,4,,,,,,,,,,,,,,4,,,,,,,,,,,,,,,,,,,,,,,,,,
123,,,,2,,245 m²,,,,3,1,,Non,Non,1 m²,,Oui,,Non communiqué,Non communiqué,Non communiqué,Non communiqué,Non communiqué,,,Non,Non,Non,Oui,Non,,,,,,1.200.000 €,,Oui,À définir,,,,,Non,,,,,,,Non,,,Non,Non,Non,Non,,,,,,,,,,,,,,,,,,,,Rue commerçante,,,,,,,,,Non,Toutes sortes,,,,,,,,,,,,,,,,,,,
124,1940,À rénover,,2,,225 m²,,,,6,3,Oui,Non,,127 m²,Connecté,Oui,,53 kWh/m²,B,Non communiqué,277 kg CO₂/m²,Non communiqué,,Gaz,,,,,,,,,,,460.000 €,1.155 €,Non,Selon le locataire,Bruxelles Centre,Pas équipée,3,,,,,,"Rue Léon Théodor 71
1090 - Jette",4394028,,,,,,,,,Oui,,,,,,,,,16 m²,16 m²,16 m²,16 m²,16 m²,,,,225 m²,,Urbain,4,35 m²,,,,,,,,,,,,,,,,,,,,,,,,,,,
125,1930,Bon,8 m,2,,440 m²,,,7 m²,,2,,Non,,280 m²,,,,Non communiqué,Non communiqué,Non communiqué,Non communiqué,Non communiqué,,Gaz,,,,,Oui,,,,,,1.400.000 €,,Oui,Immédiatement,Bruxelles sud/centre,Pas équipée,5,,,,,,"Avenue de l'Escrime 125
1150 - Woluwe-Saint-Pierre",,,,,,,,,,,,,,,,,4411761,1,,,,,,,8 m,,280 m²,,Urbain,1,,5,,,,,,,,,,,,,,,,,,,,,,,,,,
126,1926,Bon,,2,,300 m²,20 m²,Oui,10 m²,8,4,Oui,,,211 m²,Connecté,Oui,,276 kWh/m²,E,Non communiqué,Non communiqué,Non communiqué,,Gaz,,,,,,,,,,,Faire offre à partir de 725.000 €,,Oui,Après la signature de l’acte,,Américaine équipée,4,10 m²,Oui,,,,"Voie des Chasseurs à Cheval 4
1300 - Wavre",4411622,,,,Oui,,,,,Oui,,Non,Oui,,,,,,23 m²,23 m²,23 m²,20 m²,20 m²,,,,,,Urbain,,,,,,,,,,,,,,,,,,,,,,,,,,,,,
127,1926,Bon,,2,,300 m²,20 m²,Oui,10 m²,8,4,Oui,,,211 m²,Connecté,Oui,,276 kWh/m²,E,Non communiqué,Non communiqué,Non communiqué,,Gaz,,,,,,,,,,,Faire offre à partir de 725.000 €,,Non,Après la signature de l’acte,,Américaine équipée,4,10 m²,Oui,,,,"Voie des Chasseurs à Cheval 4
1300 - Wavre",4390757,,,,Oui,,,,,Oui,,Non,Oui,,,,,,23 m²,23 m²,23 m²,20 m²,20 m²,,,,,,Urbain,,,,,,,,,,,,,,,,,,,,,,,,,,,,,
128,1918,Bon,5.5 m,2,192 m²,36 m²,Pas équipée,,,Non,,,Non,92 m²,Non connecté,Non,20 m²,,D,20210820­0000594349­01­6,Non communiqué,Non communiqué,Non,,,,,,,630.000 €,,,,,,1.417 €,Non,"Rond Point Schuman 6/5
1040 - Etterbeek",,,5,Non,,Non,,,Oui,Brabanconne,,,2,,,,,,,,,,,,,,,,,,,,,,,,,,,2,Est,,,,,,,,,,,,,,,,,,,,,,,,200 kWh/m²,,,
129,1910,Bon,,2,,160 m²,,,,4,,,,,45 m²,Connecté,Oui,,233 kWh/m²,E,20200604-0000569110-013,46 kg CO₂/m²,Non communiqué,,Électrique,,,,,Oui,,,,,,499.000 €,1.115 €,Oui,Selon le locataire,Place Dailly,,,,,,,,"Rue Engeland 332
1180 - Uccle",,,,,,,,,,,,,,,,,,,,,,,,,6.2 m,,,,"Zone d'habitat (résidentiel, urbain ou rural)",,,,,,,,,,,,,,,,,,,,,,100,,,,,,,
130,1930,Bon,,3,,370 m²,,,,,3,Oui,Non,,,Connecté,Oui,6 m²,465 kWh/m²,G,20201026-0000577242-01-9,93 kg CO₂/m²,Non communiqué,,Gaz,,,,,Oui,,,,,,925.000 €,,Oui,Immédiatement,,Semi-équipée,3,,,,,,"rue Edison 37
1190 - Bruxelles",,,,,,,,,,,,,,,,,4518776,,,,,,,,,,,28 juillet 2021 - 00:00,Isolé,,79 m²,,,,,,,,,,,,,,,,,,,,,,,,,,,
131,1800,Excellent état,5.7 m,2,340 m²,Américaine hyper-équipée,,,,25 m²,5,,152 m²,,Connecté,Oui,Non communiqué,,Non communiqué,Non communiqué,Non communiqué,Non communiqué,Gaz,,152 m²,,,,,,,,,,,Non,,"rue Edison 37
1190 - Bruxelles",Immédiatement,,6,Non,,,,,,4433118,,,,,,,,,,,,,,,,,,,25 m²,25 m²,25 m²,25 m²,5,,,,945.000 €,7 février 2021 - 00:00,Centre commercial,5,,,,,,,,,,,,,,,,,,,,,,,,,,,,
132,1920,À rénover,22 m,3,,800 m²,,,,23,,Oui,Non,,137 m²,Connecté,Oui,,Non communiqué,Non communiqué,Non communiqué,Non communiqué,Non communiqué,,,,,,,,,,,,,3.590.000 €,4.884 €,Oui,Immédiatement,,Pas équipée,,,,Oui,,,"rue Edison 37
1190 - Bruxelles",,,,,Oui,,,,,Oui,,Oui,,,Non,,4408562,,,,,,,,,,137 m²,7 juillet 2021 - 00:00,Urbain,,,,,,,,,,,,,,,,,,,,,,,,,,,,,
133,1944,À rénover,6 m,2,,200 m²,18 m²,,8 m²,3,,,Non,,60 m²,Connecté,Oui,,348 kWh/m²,G,20210129-0000581747-01-2,70 kg CO₂/m²,Non communiqué,1,Gaz,,,,,Oui,,,,,,359.000 €,974 €,Oui,Selon le locataire,,Semi-équipée,3,,,,,,"Avenue Henri Feuillien 2
1083 - Ganshoren",,,,50 m²,,Oui,,,Oui,,,,,,,Non,,1,14 m²,14 m²,12 m²,,,,6 m,,,,,3,,,,,,1450,,,,,,,,,,,,,,,100,,,,,,40 m²,
134,1958,Excellent état,8.9 m,3,358 m²,40 m²,Oui,Américaine hyper-équipée,5,25 m²,3,Oui,438 m²,,17.5 m,Oui,150 m²,Non,C,20200703-0002191525-RES-1,Non communiqué,Non communiqué,Non,,Oui,,,,,Oui,Oui,Non,Zone non inondable,"Zone d'habitat (résidentiel, urbain ou rural)",1.100.000 €,2.528 €,Non,"Brusselsesteenweg 66
3000 - Leuven",Après la signature de l’acte,,40 m²,72 m²,Oui,72 m²,Oui,Non,Gaz,4497566,,,,,Non,,,,,,,Oui,Oui,Oui,126 kWh/m²,,,,23 m²,24 m²,25 m²,40 m²,3,Oui,Connecté,105 m²,Oui,,,3,100 m²,2,,,,,,,,,,,,,,,,,,,,,,,,,,
135,1918,Excellent état,6 m,2,,300 m²,22 m²,Oui,17 m²,4,2,,Non,,100 m²,Connecté,Oui,40 m²,221 kWh/m²,E,20181207-0000540419-01-7,43 kg CO₂/m²,Non communiqué,,Gaz,,,,,,,Non,Non,,"Zone d'habitat (résidentiel, urbain ou rural)",1.200.000 €,1.800 €,,Après la signature de l’acte,,Hyper équipée,3,15 m²,Oui,,Oui,,"Rue Archimède 41
1000 - Bruxelles",,1,,28 m²,Oui,,,,,,,,,,,,Meschi Alessandro,,20 m²,14 m²,18 m²,18 m²,,,6 m,Oui,,,,,,,,,100 €,,,Oui,,,,,,,Oui,,,,,,,,,Oui,,,,1
136,1990,Bon,10 m,4,,440 m²,,,20 m²,5,2,Oui,,,951 m²,Connecté,Non,89 m²,473 kWh/m²,G,202103030000583777-01-8,75 kg CO₂/m²,Non communiqué,,Électrique,,,,,Oui,,,,Zone non inondable,,1.649.000 €,4.474 €,Non,À définir,,Équipée,4,14 m²,Oui,,Oui,,"Cours St Michel 93
1040 - Etterbeek",,,,,Oui,,,,,,,,Oui,Oui,,,4310272,2,27 m²,17 m²,17 m²,16 m²,23 m²,14 m²,,,,,,2,,2,Oui,,,,,,,,,,,,,,,,,,,,,,,,,
137,,,5 m,2,,214 m²,22 m²,Oui,15 m²,8,3,Oui,,,48 m²,Connecté,Oui,5 m²,217 kWh/m²,E,Non communiqué,Non communiqué,Non communiqué,,Gaz,,,,,Oui,,,,,,650.000 €,,Oui,Après la signature de l’acte,Bruxelles (19 communes),Américaine équipée,3,,,,,,"Avenue Jules du Jardin 43
1150 - Woluwe-St-Pierre",,,,,,,,,,,,,,,,,4512957,,23 m²,17 m²,15 m²,14 m²,13 m²,,5 m,,41 m²,,Urbain,3,,,,,,,,,,,,,,,,,,,,,,,,,,,,
138,,Bon,,2,,,,,,,,,,,154 m²,,,,Non communiqué,Non communiqué,Non communiqué,Non communiqué,Non communiqué,,Gaz,,,,,,,,,,,595.000 €,1.421 €,Oui,Selon le locataire,Bruxelles (19 communes),Américaine équipée,4,,,,,,"rue de Flandre 197
1000 - Bruxelles ville",,,,,,,,,,,,,,,,,4496050,,,,,,,,,,,,Urbain,4,,,,,,,,,,,,,,,,,,,,,,,,,,,,
139,1800,Excellent état,5.5 m,2,,400 m²,30 m²,,7 m²,3,3,,Oui,,120 m²,,,,Non communiqué,Non communiqué,Non communiqué,Non communiqué,Non communiqué,,Gaz,,,,,Oui,,,,,,1.680.000 €,,Oui,Après la signature de l’acte,,Américaine hyper-équipée,3,,,,,,"Rue Zeyp 17
1083 - Ganshoren",,,,,,,,,,,,,,,,,4391390,,14 m²,,,,,,,,,,,3,,,,,,,,,,,,,,,,,,,,,,,,,,,,
140,,Bon,,2,,820 m²,,,,,,,Non,,,,,,555 kWh/m²,G,20210624-0000591434-01-5,90 kg CO₂/m²,Non communiqué,,Gaz,Non,,,,Oui,,,,Bien immobilier situé entièrement ou partiellement dans une zone potentiellement inondable et dans une zone riveraine délimitée,Zone d'extension d'habitat,2.100.000 €,6.081 €,Oui,Après la signature de l’acte,,,,,Non,Non,Non,,"Rue Notre Dame 124
5000 - Namur",,,Non,,,,,,,,Non,Non,Oui,Oui,Non,Non,1060-bis,,,,,,,,,,,,Urbain,,20 m²,,Oui,,,,,,,Sud-ouest,,,,,,,,,,,,,Non,,,,,
141,1926,Bon,6 m,2,,425 m²,,,,,,Oui,Non,,95 m²,,Oui,9 m²,Non communiqué,Non communiqué,Non communiqué,Non communiqué,Non communiqué,,Gaz,,,,,,,,,,,675.000 €,3.215 €,Oui,Après la signature de l’acte,,Pas équipée,4,,,,,Non,"Avenue L. Mahillon , 58
1030 - Schaerbeek",3423 - 1509,,,,,,,,,,,,,,,,,,,,,,,,,,,,,4,,,,,,,,,,,,,,,,,,,,,,,,,,,,
142,1874,,,2,,200 m²,,,,4,,Oui,Non,,436 m²,,Oui,,Non communiqué,Non communiqué,Non communiqué,Non communiqué,Non communiqué,,Mazout,,,,,Oui,,,,Zone non inondable,,495.000 €,1.112 €,Oui,,,,,,Oui,,,Non,"Rue Alexandre Markelbach 78
1030 - Schaarbeek",,,,,,,,,,Oui,,Oui,,,,Non,1725 - 0965,,,,,,,,,,,,Rue commerçante,4,,,,,,2135,,,,,,,,,,,,,,,,,,,,,,
143,1874,,,2,,200 m²,,,,3,,,Non,,436 m²,,Oui,,Non communiqué,Non communiqué,Non communiqué,Non communiqué,Non communiqué,,Mazout,,,,,Oui,,,,Zone non inondable,,495.000 €,1.114 €,Oui,,,,,,Oui,,,Non,"Rue Alexandre Markelbach 78
1030 - Schaarbeek",,,,,,,,,,,,Oui,,,,Non,1452 - 0961,,,,,,,,,,,,,3,,,,,,1924,,,,,,,,,,,,,,,,,,,,,,
144,1800,Excellent état,,1,,,,,,,,,Oui,Non,100 m²,,Non,15 m²,Non communiqué,Non communiqué,Non communiqué,Non communiqué,Non communiqué,,Gaz,Non,Non,Non,Oui,Oui,,,,,,895.000 €,1.119 €,Oui,À définir,,,,,Non,Non,Non,,,,,Non,,,Non,Non,Non,Non,,Non,Non,Oui,Non,Non,,,,,,,,,,,,,,Aménagé,,,,,,,,,Non,Toutes sortes,,Non,Non,Non,Oui,,,,,,,,,,,Sud-ouest,,,
145,1800,Excellent état,5.5 m,2,,400 m²,30 m²,,7 m²,3,3,,Oui,,120 m²,,,,Non communiqué,Non communiqué,Non communiqué,Non communiqué,Non communiqué,,Gaz,,,,,Oui,,,,,,1.680.000 €,,Oui,Après la signature de l’acte,,Américaine hyper-équipée,3,,,,,,"Rue Zeyp 17
1083 - Ganshoren",,,,,,,,,,,,,,,,,4308814,,14 m²,,,,,,,,,,,3,,,,,,,,,,,,,,,,,,,,,,,,,,,,
146,,Fraîchement rénové,,2,,400 m²,,,,3,3,Oui,Non,,85 m²,,Oui,,Non communiqué,Non communiqué,Non communiqué,Non communiqué,Non communiqué,,Gaz,,,,,Oui,,,,,,1.690.000 €,2.592 €,Oui,Après la signature de l’acte,,Équipée,,,,,,Non,"Blvd. G. Wahis 272 (place Meiser)
1030 - Schaerbeek",,,,,,,,,,,,,,,,,4078 - 1932,,,,,,,,5.5 m,,,,,,,,,,,,,,,,,,,,,,,,,,,,,,,,,
147,,Fraîchement rénové,,2,,400 m²,,,,3,3,Oui,Non,,85 m²,,Oui,,Non communiqué,Non communiqué,Non communiqué,Non communiqué,Non communiqué,,Gaz,,,,,Oui,,,,,,1.690.000 €,2.592 €,Non,Après la signature de l’acte,,Équipée,,,,,,Non,"Blvd. G. Wahis 272 (place Meiser)
1030 - Schaerbeek",,,,,,,,,,,,,,,,,4077 - 1932,,,,,,,,5.5 m,,,,,,,,,,,,,,,,,,,,,,,,,,,,,,,,,
148,,Bon,,4,,,,,,,16,,Non,,223 m²,,,,Non communiqué,Non communiqué,Non communiqué,Non communiqué,Non communiqué,,Gaz,,,,,,,,,,,1.390.000 €,,Oui,Selon le locataire,Bruxelles (19 communes),Semi-équipée,16,,,,,,"rue de Flandre 197
1000 - Bruxelles ville",,,,,,,,,,,,,,,,,4533796,,,,,,,,,,,,Urbain,16,,,Oui,,,,,,,,,,,,,,,,,,,,,,,,,
149,,À rafraîchir,,2,,,,,,,6,,Non,,66 m²,,,,702 kWh/m²,G,20150523-0000280044-01-6,111 kg CO₂/m²,Non communiqué,,Gaz,,,,,,,,,,,530.000 €,,Oui,Selon le locataire,Bruxelles (19 communes),Semi-équipée,6,,,,,,"rue de Flandre 197
1000 - Bruxelles ville",,,,,,,,,,,,,,,,,4433397,,,,,,,,,,,,Urbain,6,,,Oui,,,,,,,,,,,,,,,,,,,,,,,,,
