,AnnÃ©e de construction,Largeur de la faÃ§ade Ã  rue,Nombre de faÃ§ades,Parkings intÃ©rieurs,Parkings extÃ©rieurs,Surface habitable,Surface du salon,Type de cuisine,Chambres,Salles de bains,Toilettes,MeublÃ©,Surface du terrain,Largeur du terrain Ã  rue,Surface du jardin,Surface de la terrasse,Consommation d'Ã©nergie primaire,Classe Ã©nergÃ©tique,NumÃ©ro du rapport PEB,Emission COâ‚‚,Consommation thÃ©orique totale d'Ã©nergie primaire,Attestation as-built,Niveau E (performance Ã©nergÃ©tique globale),Type de chauffage,Double vitrage,Permis de bÃ¢tir obtenu,Autorisation de lotissement,Droit d'achat prioritaire possible,ProcÃ©dure pour violation de la rÃ©glementation urbanistique,Type de zone inondable,Affectation urbanistique la plus rÃ©cente sur la base des dÃ©nominations utilisÃ©es dans le registre des plans,Prix,Immeuble de rapport,Adresse,Site internet,Quartier ou lieu-dit,Ã€ partir de,Ã‰tat du bÃ¢timent,Type dâ€™environnement,Surface de la cuisine,Surface de la chambre 1,Surface de la chambre 2,Surface de la chambre 3,Dressing,Salles de douche,Buanderie,Bureau,Espace professionnel,Surface de la cave,Surface du grenier,IsolÃ©,Porte blindÃ©e,Terrain Ã  front de rue,Terrain boisÃ©,Terrain arriÃ¨re,Terrain plat,Raccordement Ã  l'Ã©gout,"Eau, gaz & Ã©lectricitÃ©",Orientation du jardin,Orientation de la terrasse,Nombre d'annexes,Concierge,Ascenseur,Accessible aux personnes avec un handicap,Parlophone,AccÃ¨s sÃ©curisÃ© / alarme,Climatisation,Interphone vidÃ©o,Jacuzzi,Sauna,Piscine,Internet,Attestation de conformitÃ© des citernes Ã  mazout,Pompe Ã  chaleur,Panneaux photovoltaÃ¯ques,Panneaux solaires,Chauffe-eau commun,Obligation de construire,Revenu cadastral,Surface de la chambre 4,Type de construction,Combien de feux ouverts ?,Surface de bureau,Cave,Surface constructible totale au sol,Jardin,Visite virtuelle,Salon,Salle Ã  manger,Grenier,Terrasse,Surface de l'espace professionnel,RÃ©fÃ©rence externe,Surface de la chambre 5,Nom de l'agent,Nom du bien,Disponible le
0,2021,7 m,3,1,2,178 mÂ²,47 mÂ²,Ã‰quipÃ©e,3,1,2,Non,400 mÂ²,10 m,260 mÂ²,15 mÂ²,Non communiquÃ©,Non communiquÃ©,Non communiquÃ©,Non communiquÃ©,Non communiquÃ©,Non,30,Gaz,Oui,Oui,Oui,Non,Non,Zone non inondable,"Zone d'habitat (rÃ©sidentiel, urbain ou rural)",332.500 â‚¬,Non,"Veltwijcklaan 5
2180 - Ekeren",19928 - SIE/21/017/5,,,,,,,,,,,,,,,,,,,,,,,,,,,,,,,,,,,,,,,,,,,,,,,,,,,,,,,,,,,,,,
1,,,,,,,,,,,,,,,,,Non communiquÃ©,Non communiquÃ©,Non communiquÃ©,Non communiquÃ©,Non communiquÃ©,,,,,Oui,Oui,Non,Non,Zone non inondable,,,Non,"Merksplassesteenweg 18
2310 - Rijkevorsel",,Hulst,,,,,,,,,,,,,,,,,,,,,,,,,,,,,,,,,,,,,,,,,,,,,,,,,,,,,,,,,,,,,
2,2021,7 m,3,1,2,178 mÂ²,47 mÂ²,Ã‰quipÃ©e,3,1,2,Non,450 mÂ²,10 m,260 mÂ²,15 mÂ²,Non communiquÃ©,Non communiquÃ©,Non communiquÃ©,Non communiquÃ©,Non communiquÃ©,Non,30,Gaz,Oui,Oui,Oui,Non,Non,Zone non inondable,"Zone d'habitat (rÃ©sidentiel, urbain ou rural)",335.500 â‚¬,Non,"Veltwijcklaan 5
2180 - Ekeren",19927 - SIE/21/017/4,,,,,,,,,,,,,,,,,,,,,,,,,,,,,,,,,,,,,,,,,,,,,,,,,,,,,,,,,,,,,,
3,2021,7 m,3,1,2,200 mÂ²,66 mÂ²,Ã‰quipÃ©e,3,1,2,Non,450 mÂ²,10 m,260 mÂ²,15 mÂ²,Non communiquÃ©,Non communiquÃ©,Non communiquÃ©,Non communiquÃ©,Non communiquÃ©,Non,30,Gaz,Oui,Oui,Oui,Non,Non,Zone non inondable,"Zone d'habitat (rÃ©sidentiel, urbain ou rural)",343.500 â‚¬,Non,"Veltwijcklaan 5
2180 - Ekeren",19926 - SIE/21/017/3,,,,,,,,,,,,,,,,,,,,,,,,,,,,,,,,,,,,,,,,,,,,,,,,,,,,,,,,,,,,,,
4,1955,85 m,4,,4,160 mÂ²,72 mÂ²,Ã‰quipÃ©e,3,1,2,Non,600 mÂ²,15 m,400 mÂ²,48 mÂ²,377 kWh/mÂ²,D,20170505-0001958281-1,Non communiquÃ©,Non communiquÃ©,,,Mazout,Oui,Oui,Non,Non,Non,Zone non inondable,"Zone d'habitat (rÃ©sidentiel, urbain ou rural)",330.000 â‚¬,Non,,,,AprÃ¨s la signature de lâ€™acte,Ã€ rafraÃ®chir,"Zone d'habitat (rÃ©sidentiel, urbain ou rural)",14 mÂ²,14 mÂ²,14 mÂ²,9 mÂ²,Non,1,Oui,Non,Non,7 mÂ²,37 mÂ²,Oui,Non,Oui,Non,Non,Non,ConnectÃ©,Oui,Nord-ouest,Nord-ouest,2,Non,Non,Non,Non,Non,Non,Non,Non,Non,Non,Oui,"Oui, conforme",Non,Non,Non,Non,Non,547 â‚¬,,,,,,,,,,,,,,,,,,
5,2016,12 m,3,1,2,190 mÂ²,35 mÂ²,Hyper Ã©quipÃ©e,4,1,2,Non,403 mÂ²,12 m,216 mÂ²,16 mÂ²,118 kWh/mÂ²,B,13008-G-2013/00487/EP05736/A001/D01/SD001,Non communiquÃ©,Non communiquÃ©,,70,Gaz,Oui,Oui,Non,Non,Non,Zone non inondable,,439.000 â‚¬,Non,,,,Ã€ dÃ©finir,Excellent Ã©tat,"Zone d'habitat (rÃ©sidentiel, urbain ou rural)",15 mÂ²,44 mÂ²,16 mÂ²,11 mÂ²,Non,,Oui,Non,Non,,9 mÂ²,Oui,Non,Non,Non,Non,Non,ConnectÃ©,Oui,Sud-ouest,Sud-ouest,,Non,Non,Non,Non,Non,Non,Non,Non,Non,Non,Oui,,Non,Non,Non,Non,,814 â‚¬,11 mÂ²,Toutes sortes,,,,,,,,,,,,,,,,
6,2008,,4,2,8,413 mÂ²,49 mÂ²,Ã‰quipÃ©e,4,2,3,Non,1577 mÂ²,34 m,,50 mÂ²,132 kWh/mÂ²,B,2067174,Non communiquÃ©,Non communiquÃ©,"Oui, conforme",,Gaz,Oui,Oui,Oui,,,Zone non inondable,"Zone d'habitat (rÃ©sidentiel, urbain ou rural)",690.000 â‚¬,Non,,,,,Excellent Ã©tat,Pays,25 mÂ²,,,,Oui,2,Oui,Oui,Oui,,84 mÂ²,Oui,Non,Oui,Non,Non,Oui,,Oui,,Sud-ouest,,Non,Non,Non,Non,Oui,Non,Non,Non,Non,Non,Oui,,Non,Oui,Oui,Non,,2.230 â‚¬,,,1,11 mÂ²,,,,,,,,,,,,,,
7,1984,11.16 m,4,,6,189 mÂ²,31 mÂ²,Hyper Ã©quipÃ©e,3,1,1,Non,1304 mÂ²,25 m,,,427 kWh/mÂ²,E,20210713-0002441229-RES-1,Non communiquÃ©,Non communiquÃ©,,,Gaz,Oui,,,,,Zone non inondable,,399.900 â‚¬,Non,"Pas 151
2440 - Geel",4401179,,Selon le locataire,Bon,Pays,17 mÂ²,18 mÂ²,9 mÂ²,9 mÂ²,,,,Oui,,,189 mÂ²,,,,,,,Non connectÃ©,Oui,,,,,,,,,,,,,,,,,,,,,1.214 â‚¬,,,,27 mÂ²,Oui,215 mÂ²,,,,,,,,,,,,
8,,,,,,,,,2,1,,Non,399 mÂ²,,,,416 kWh/mÂ²,E,Non communiquÃ©,Non communiquÃ©,Non communiquÃ©,Non,,Mazout,,Oui,Non,Non,Non,Zone non inondable,"Zone d'habitat (rÃ©sidentiel, urbain ou rural)",210.000 â‚¬,Non,"Markt 20
2440 - Geel",40860 - GEE-21-SDP-0,,AprÃ¨s la signature de lâ€™acte,Ã€ rÃ©nover,,,,,,,,,,,,,,,,,,,,Oui,Est,,,,,,,,,,,,,,,,,,,,,,,,,Oui,,Oui,,,,,,,,,,,
9,1994,,4,1,,260 mÂ²,,,8,1,3,Non,691 mÂ²,,,,332 kWh/mÂ²,D,Certificaat-20210324-0002392073-RES-1.pdf,Non communiquÃ©,Non communiquÃ©,"Oui, conforme",,,Oui,Oui,Non,Non,Non,Zone non inondable,"Zone d'habitat (rÃ©sidentiel, urbain ou rural)",290.000 â‚¬,Oui,"Markt 20
2440 - Geel",37163 - GEE-21-JVR-0,,AprÃ¨s la signature de lâ€™acte,,,,,,,,1,,,,,,,,,,,,,,,,,,,,,,,,,,,,,,,,,,,,,,,,,,,,,,,,,,,,
10,2004,9.2 m,4,2,4,229 mÂ²,38 mÂ²,Hyper Ã©quipÃ©e,4,1,3,Non,785 mÂ²,15.7 m,,32 mÂ²,152 kWh/mÂ²,B,Non communiquÃ©,Non communiquÃ©,Non communiquÃ©,,,Gaz,Oui,Oui,,Non,Non,Zone non inondable,"Zone d'habitat (rÃ©sidentiel, urbain ou rural)",425.000 â‚¬,Non,"Pas 151
2440 - Geel",4491077,,AprÃ¨s la signature de lâ€™acte,Bon,IsolÃ©,18 mÂ²,13 mÂ²,10 mÂ²,16 mÂ²,,,,,,,65 mÂ²,,,,,,,ConnectÃ©,Oui,,,,,,,,,,,,,,,,,,Oui,,,1.440 â‚¬,21 mÂ²,,,,Oui,221 mÂ²,,,,,,,,,,,,
11,2019,,3,,,139 mÂ²,36 mÂ²,AmÃ©ricaine Ã©quipÃ©e,3,1,,Non,,,27 mÂ²,22 mÂ²,Non communiquÃ©,Non communiquÃ©,Non communiquÃ©,Non communiquÃ©,Non communiquÃ©,Non,45,Gaz,Oui,Oui,Oui,Non,Non,Zone non inondable,"Zone d'habitat (rÃ©sidentiel, urbain ou rural)",312.000 â‚¬,Oui,"Markt 20
2440 - Geel",34624 - NWB-21-SSC-0,,AprÃ¨s la signature de lâ€™acte,,Rue commerÃ§ante,10 mÂ²,14 mÂ²,11 mÂ²,10 mÂ²,,,,,,,,,,,,,,,Oui,,,,,,Oui,,Oui,,Oui,,,,,,,,,,,,,,,,Oui,,,,,,,,,,,,,
12,2020,8 m,3,,2,240 mÂ²,,,4,1,2,Non,498 mÂ²,,400 mÂ²,12 mÂ²,Non communiquÃ©,Non communiquÃ©,Non communiquÃ©,Non communiquÃ©,Non communiquÃ©,,,,Non,Oui,Oui,,Non,,,425.000 â‚¬,Non,,,,AprÃ¨s la signature de lâ€™acte,Excellent Ã©tat,"Zone d'habitat (rÃ©sidentiel, urbain ou rural)",,,,,Oui,1,,Non,Non,,,,Non,Oui,Non,Non,Oui,ConnectÃ©,Oui,,,,,,,,,,,,,,,Non,Non,Non,Non,Non,,,,,,,,,,,,,,,,,,,,
13,,,3,2,4,,,Semi-Ã©quipÃ©e,3,1,,Non,,,,,628 kWh/mÂ²,F,20210902-0002459260-RES-1,Non communiquÃ©,Non communiquÃ©,Non,,Mazout,Oui,Oui,Non,Non,Non,Zone non inondable,"Zone d'habitat (rÃ©sidentiel, urbain ou rural)",259.000 â‚¬,Non,"Markt 20
2440 - Geel",40858 - GEE-21-DHO-0,,AprÃ¨s la signature de lâ€™acte,Ã€ rÃ©nover,,,,,,,,,,,,,,,,,,,,Oui,,,,,,,,,,,,,,,,,,,,,,,,,,Oui,,,,,,,,,,,,,
14,1991,12.13 m,4,1,6,36 mÂ²,Hyper Ã©quipÃ©e,4,27 mÂ²,2,Oui,,18 m,ConnectÃ©,,365 kWh/mÂ²,D,Non communiquÃ©,Non communiquÃ©,Non communiquÃ©,Oui,,,,Oui,200 mÂ²,Non,Non,Zone non inondable,"Zone d'habitat (rÃ©sidentiel, urbain ou rural)",449.500 â‚¬,Non,"Pas 151
2440 - Geel",4397026,,,AprÃ¨s la signature de lâ€™acte,Excellent Ã©tat,Urbain,,14 mÂ²,10 mÂ²,10 mÂ²,,,,,,,1483 mÂ²,,,,,,,Oui,35 mÂ²,,,,,,,,,,,,,,,,,,Oui,,,,1,,,,50 mÂ²,Oui,,250 mÂ²,,,,,,,,,,
15,1968,,4,2,,300 mÂ²,,Ã‰quipÃ©e,3,1,2,Non,1235 mÂ²,,,,475 kWh/mÂ²,E,20180224-0001986297-3,Non communiquÃ©,Non communiquÃ©,,,Mazout,Oui,Oui,Non,Non,Non,Zone non inondable,"Zone d'habitat (rÃ©sidentiel, urbain ou rural)",849.000 â‚¬,Non,"Graaf De Broquevillestraat 35
2400 - Mol",07/1887,,,Bon,Urbain,,,,,,,,Non,,,,,Non,,,,,Non connectÃ©,Non,,,,,,,,,,,,,,,,,,,,,2.150 â‚¬,,Villa,,,Oui,,,,Oui,,,,,,,,,
16,1969,15 m,4,3,2,120 mÂ²,23 mÂ²,Ã‰quipÃ©e,2,1,1,Non,510 mÂ²,30 m,250 mÂ²,60 mÂ²,Non communiquÃ©,Non communiquÃ©,Non communiquÃ©,Non communiquÃ©,Non communiquÃ©,,,Gaz,Oui,Oui,,,,,,265.000 â‚¬,Non,,,,AprÃ¨s la signature de lâ€™acte,Bon,"Zone d'habitat (rÃ©sidentiel, urbain ou rural)",10 mÂ²,13 mÂ²,13 mÂ²,,Oui,,Oui,Non,Non,,,Oui,Non,Oui,Non,Non,Oui,ConnectÃ©,Oui,Nord-est,Nord-est,1,Non,Non,Non,Non,Non,Non,Non,Non,Non,Non,Oui,,Non,Non,Non,Non,,635 â‚¬,,,,,,,,,,Oui,Oui,,,,,,,
17,1952,,3,,,,,3,1,2,Oui,,Oui,,,,B,20210510-0002407328-RES-1,Non communiquÃ©,Non communiquÃ©,Gaz,,,Non,Oui,Oui,,Zone non inondable,,298.000 â‚¬,,396 â‚¬,"Koning Leopoldlaan 59
2260 - WESTERLO",Tinne VOET,,,AprÃ¨s la signature de lâ€™acte,FraÃ®chement rÃ©novÃ©,,,,,,,,,,,,,,,,,,,,,,,,,,,,,,,,,,,,Oui,,,,,Non,,,,,213 mÂ²,,,Oui,Ã‰quipÃ©e,,,173 kWh/mÂ²,,,,,,
18,,,4,,,195 mÂ²,,AmÃ©ricaine hyper-Ã©quipÃ©e,3,1,1,Non,714 mÂ²,,1 mÂ²,,242 kWh/mÂ²,C,20210820-0002452745-RES-1,Non communiquÃ©,Non communiquÃ©,,,Gaz,Oui,,,,,,,419.000 â‚¬,Non,,,,,FraÃ®chement rÃ©novÃ©,,,,,,Non,,,Non,Non,,,,Non,Non,Non,Non,Non,,Oui,Sud,,,Non,Non,Non,Non,Non,Oui,Non,Non,Non,Non,Non,,Non,Non,Oui,Non,,741 â‚¬,,Toutes sortes,,,,,,,,,,,24 mÂ²,,,,,
19,1953,,2,,,,,,5,3,3,Non,,,,,244 kWh/mÂ²,C,Non communiquÃ©,Non communiquÃ©,Non communiquÃ©,Non,,Gaz,,Oui,Non,Non,Non,Zone non inondable,"Zone d'habitat (rÃ©sidentiel, urbain ou rural)",309.000 â‚¬,Oui,"Markt 20
2440 - Geel",38269 - GEE-21-DHO-0,,AprÃ¨s la signature de lâ€™acte,Ã€ rafraÃ®chir,,,,,,,,,,,,,,,,,,,,Oui,,,,,,,,,,,,,,,,,,,,,,,,,,,,,,,,,,,,,,,
20,2021,,3,,4,157 mÂ²,,Hyper Ã©quipÃ©e,3,,2,Non,,,,24 mÂ²,Non communiquÃ©,Non communiquÃ©,Non communiquÃ©,Non communiquÃ©,Non communiquÃ©,"Oui, conforme",20,Gaz,Oui,Oui,,,Non,Zone non inondable,"Zone d'habitat (rÃ©sidentiel, urbain ou rural)",389.000 â‚¬,Non,"Markt 20
2440 - Geel",38483 - GEE-21-DHO-0,,AprÃ¨s la signature de lâ€™acte,Excellent Ã©tat,,,,,,,1,,,,,,,,,,,,,Oui,Sud-ouest,,,,,,,,,,,,,,,,,,,,,,,,,,,Oui,,,,,,,,,,,
21,2012,,3,,3,,,Ã‰quipÃ©e,3,1,2,,490 mÂ²,,,,112.87 kWh/mÂ²,B,13008-G-2011/00458/EP03093/A504/D01/SD001,Non communiquÃ©,Non communiquÃ©,,,,,,,,,,,415.000 â‚¬,Non,"Bisschopslaan 16
2340 - Beerse",,,,Excellent Ã©tat,,,,,,,,,,,,,,,,,,,,Oui,,,,,,,,,,,,,,,,,,,,,826 â‚¬,,,,,,,,,,,,Oui,,4374643,,,,
22,2000,,2,1,,,,,,,,,Non connectÃ©,,,,C,20210602-0002423811-RES-1,Non communiquÃ©,Non communiquÃ©,Gaz,,,Oui,Oui,Non,Non,Non,Zone non inondable,"Zone d'habitat (rÃ©sidentiel, urbain ou rural)",1.150.000 â‚¬,5.926 â‚¬,"Graaf De Broquevillestraat 35
2400 - Mol",07/1976,,,,Bon,,,,,,,,,,,,,,,,,,,Non,206 kWh/mÂ²,,,,,,,,,,,,,,,,,,,,,Oui,,,,,,,,1452 mÂ²,,,,,,,,,,
23,1962,,4,1,3,207 mÂ²,,,3,1,,,2800 mÂ²,,,,Non communiquÃ©,Non communiquÃ©,Non communiquÃ©,Non communiquÃ©,Non communiquÃ©,,,,,Oui,Non,Non,Non,Zone non inondable,"Zone d'habitat (rÃ©sidentiel, urbain ou rural)",349.000 â‚¬,Non,"Kerkplein 1
2260 - Westerlo",4529694,,,Ã€ rÃ©nover,,,,,,,,,,,,,,,,,,,,Non,,,,,,,,,,,,,,,,,,,,,,,,,,,,,,,,,Oui,,,,,,
24,,,2,,,,,Ã‰quipÃ©e,11,5,5,Non,976 mÂ²,,,,182 kWh/mÂ²,B,20210509-0002405796-RES-3,Non communiquÃ©,Non communiquÃ©,,,Gaz,Oui,Oui,Non,Non,Non,Zone non inondable,"Zone d'habitat (rÃ©sidentiel, urbain ou rural)",475.000 â‚¬,Oui,"Graaf De Broquevillestraat 35
2400 - Mol",07/1962,,,Bon,,,,,,,,,Non,,,,,Non,,,,,Non connectÃ©,Non,,,,,,,,,,,,,,,,,,,,,1.418 â‚¬,,,,,Oui,,,,,,,,,,,,,
25,,,4,,,190 mÂ²,,,4,1,,,1860 mÂ²,,,,512 kWh/mÂ²,F,Non communiquÃ©,Non communiquÃ©,Non communiquÃ©,,,,,,,,,,,475.000 â‚¬,Non,"Zuiderring 106
2400 - Mol",4402209,,,,,,,,,,,,,,,,,,,,,,,,,,,,,,,,,,,,,,,,,,,,,,,,,,,,,,,,Oui,,,,,,
26,,,,,,,,,4,,,Non,422 mÂ²,12 m,,,Non communiquÃ©,Non communiquÃ©,Non communiquÃ©,Non communiquÃ©,Non communiquÃ©,,,,Non,,,,,,Autre type de zone,356.245 â‚¬,Non,"Avenue Paul Gilson, 49
1601 - Ruisbroek",9649,,,,,,,,,Non,,,Non,,,,,,,,,,,,,,,,,,,,,,,,,,Non,Non,,,,Non,,,,,,,,,,,,,,,,,,,
27,,,2,,,175 mÂ²,,,3,1,,,317 mÂ²,,,,Non communiquÃ©,Non communiquÃ©,Non communiquÃ©,Non communiquÃ©,Non communiquÃ©,,,,,,,,,,,265.000 â‚¬,Non,"Zuiderring 106
2400 - Mol",4373262,,,,,,,,,,,,,,,,,,,,,,,,,,,,,,,,,,,,,,,,,,,,,,,,,,,,,,,,,,,,,,
28,,,,,,,,,3,,,Non,592 mÂ²,15 m,,,Non communiquÃ©,Non communiquÃ©,Non communiquÃ©,Non communiquÃ©,Non communiquÃ©,,,,Non,,,,,,Autre type de zone,358.923 â‚¬,Non,"Avenue Paul Gilson, 49
1601 - Ruisbroek",9654,,,,,,,,,Non,,,Non,,,,,,,,,,,,,,,,,,,,,,,,,,Non,Non,,,,Non,,,,,,,,,,,,,,,,,,,
29,,,,,,,,,3,,,Non,446 mÂ²,15 m,,,Non communiquÃ©,Non communiquÃ©,Non communiquÃ©,Non communiquÃ©,Non communiquÃ©,,,,Non,,,,,,Autre type de zone,366.694 â‚¬,Non,"Avenue Paul Gilson, 49
1601 - Ruisbroek",9652,,,,,,,,,Non,,,Non,,,,,,,,,,,,,,,,,,,,,,,,,,Non,Non,,,,Non,,,,,,,,,,,,,,,,,,,
30,,,,,,,,,4,,,Non,613 mÂ²,15 m,,,Non communiquÃ©,Non communiquÃ©,Non communiquÃ©,Non communiquÃ©,Non communiquÃ©,,,,Non,,,,,,Autre type de zone,401.201 â‚¬,Non,"Avenue Paul Gilson, 49
1601 - Ruisbroek",9650,,,,,,,,,Non,,,Non,,,,,,,,,,,,,,,,,,,,,,,,,,Non,Non,,,,Non,,,,,,,,,,,,,,,,,,,
31,,,,,,,,,4,,,Non,1031 mÂ²,15 m,,,Non communiquÃ©,Non communiquÃ©,Non communiquÃ©,Non communiquÃ©,Non communiquÃ©,,,,Non,,,,,,Autre type de zone,437.201 â‚¬,Non,"Avenue Paul Gilson, 49
1601 - Ruisbroek",9651,,,,,,,,,Non,,,Non,,,,,,,,,,,,,,,,,,,,,,,,,,Non,Non,,,,Non,,,,,,,,,,,,,,,,,,,
32,,,,,,,,,,,,,,,,,Non communiquÃ©,Non communiquÃ©,Non communiquÃ©,Non communiquÃ©,Non communiquÃ©,,,,,Oui,Oui,Non,Non,Zone non inondable,,,Non,"Merksplassesteenweg 18
2310 - Rijkevorsel",,Hulst,,,,,,,,,,,,,,,,,,,,,,,,,,,,,,,,,,,,,,,,,,,,,,,,,,,,,,,,,,,,,
33,,,,,,,,,4,,,Non,417 mÂ²,12 m,,,Non communiquÃ©,Non communiquÃ©,Non communiquÃ©,Non communiquÃ©,Non communiquÃ©,,,,Non,,,,,,Autre type de zone,362.165 â‚¬,Non,"Avenue Paul Gilson, 49
1601 - Ruisbroek",9648,,,,,,,,,Non,,,Non,,,,,,,,,,,,,,,,,,,,,,,,,,Non,Non,,,,Non,,,,,,,,,,,,,,,,,,,
34,1953,11 m,3,,,283 mÂ²,14 mÂ²,,4,1,1,Non,720 mÂ²,,580 mÂ²,,691 kWh/mÂ²,F,20210513-0002415138-RES-1,Non communiquÃ©,Non communiquÃ©,,,Mazout,Oui,Oui,,Non,Non,Zone non inondable,,279.000 â‚¬,Non,,,,ImmÃ©diatement,Ã€ rÃ©nover,Paysage,16 mÂ²,14 mÂ²,7 mÂ²,13 mÂ²,Non,,Oui,Non,Non,12 mÂ²,90 mÂ²,,Non,Non,Non,Non,Non,ConnectÃ©,Oui,,,,,,,,,,,,,,,"Oui, conforme",Non,Non,Non,Non,Non,780 â‚¬,10 mÂ²,,,,,,,,,Oui,,,74 mÂ²,,,,,
35,1974,10 m,3,,,172 mÂ²,23 mÂ²,Ã‰quipÃ©e,3,1,2,Non,328 mÂ²,10 m,120 mÂ²,,457 kWh/mÂ²,E," !""",Non communiquÃ©,Non communiquÃ©,,,Gaz,Oui,Oui,,Non,Non,Zone non inondable,,279.000 â‚¬,Non,,,,AprÃ¨s la signature de lâ€™acte,Bon,"Zone d'habitat (rÃ©sidentiel, urbain ou rural)",9 mÂ²,,,,Non,,Oui,Non,Non,,,Oui,Non,Non,Non,Non,Non,,Oui,Nord,,,,,,,,,,,,,,,Non,Non,Non,Non,,,,Toutes sortes,,,Oui,,,,,Oui,Oui,,,,,,,
36,1964,,3,1,4,270 mÂ²,,,5,1,2,,1229 mÂ²,,,,436 kWh/mÂ²,E,2466892,Non communiquÃ©,Non communiquÃ©,,,Gaz,,Oui,Non,Non,,Zone non inondable,"Zone d'habitat (rÃ©sidentiel, urbain ou rural)",345.000 â‚¬,Non,"Fehrenbachstraat, 53
2440 - Geel",4533304,,AprÃ¨s la signature de lâ€™acte,Ã€ rafraÃ®chir,Urbain,,,,,,,,Oui,,,,,,,,,,,Oui,,,,,,,,,,,,,,,,,,,,,939 â‚¬,,,,,Oui,,,,,,Oui,,,,,,,
37,1981,,2,,,Oui,,3,1,2,415 mÂ²,,Oui,,,,C,0001453145,Non communiquÃ©,Non communiquÃ©,Gaz,,,Oui,,Non,Non,Non,Zone non inondable,"Zone d'habitat (rÃ©sidentiel, urbain ou rural)",498.000 â‚¬,1.566 â‚¬,"Meulemanslaan 8
2260 - Westerloo",4489282,,,,Excellent Ã©tat,,,,,,,,,,,,,,,,,,,,,,,,,,,,,,,,,,,,,,,,,Non,,,,,,,,355 mÂ²,Hyper Ã©quipÃ©e,,,269 kWh/mÂ²,,,,,,
38,1962,7 m,3,1,,170 mÂ²,,,3,2,2,,625 mÂ²,10 m,,,779 kWh/mÂ²,F,20160422-0001856013-1,Non communiquÃ©,Non communiquÃ©,,,Mazout,Oui,Oui,Non,Oui,Non,Zone non inondable,"Zone d'habitat (rÃ©sidentiel, urbain ou rural)",280.000 â‚¬,Non,"Pas 96/A
2440 - Geel",4427020,,AprÃ¨s la signature de lâ€™acte,Bon,IsolÃ©,,15 mÂ²,15 mÂ²,9 mÂ²,,2,,,,,,,,,,,,,Non,,,,,,,,,,,,,,,,,,,,,,,,,,Oui,,,,Oui,,Oui,,,,,,,
39,1996,12 m,4,,,41 mÂ²,Hyper Ã©quipÃ©e,3,1,Oui,,Non,21 m,Non connectÃ©,,,B,202109211-0002467118-RES-1,Non communiquÃ©,Non communiquÃ©,193,,Gaz,Non,Oui,Non,Non,Non,Zone non inondable,"Zone d'habitat (rÃ©sidentiel, urbain ou rural)",439.000 â‚¬,1.080 â‚¬,"Stationstraat 125
2440 - Geel",,,,,Bon,,,,,,,,,,,,,,193 kWh/mÂ²,,,,,Oui,Oui,,,,,Non,Oui,,Non,,,,,,,,Non,Non,Non,Oui,,Non,,,,,Non,,,191 mÂ²,,,,Non,,,,,,
40,1982,,4,,,Oui,,,1,Oui,,Non,ConnectÃ©,,,,F,20210818-000253344-RES-1,Non communiquÃ©,Non communiquÃ©,523,,Ã‰lectrique,Non,Oui,Non,Non,Non,Zone non inondable,Autre type de zone,360.000 â‚¬,842 â‚¬,"Stationstraat 125
2440 - Geel",,,,,Bon,,,,,,,,,,,,,,1032 mÂ²,,,,,Non,523 kWh/mÂ²,,,,,,,,,,,,,,,,Non,Oui,Non,Oui,,Non,,,,,Non,,,186 mÂ²,,4,,,,,,,,
41,2012,11 m,4,1,2,198 mÂ²,,AmÃ©ricaine hyper-Ã©quipÃ©e,4,1,2,,390 mÂ²,,,,88.32 kWh/mÂ²,A,13008-G-2010/00222/EP06796/A005/D01/SD001,Non communiquÃ©,Non communiquÃ©,,,,Oui,Oui,Non,Non,Non,Zone non inondable,"Zone d'habitat (rÃ©sidentiel, urbain ou rural)",395.000 â‚¬,Non,"Pas 96/A
2440 - Geel",4426361,,AprÃ¨s la signature de lâ€™acte,Excellent Ã©tat,,,25 mÂ²,17 mÂ²,16 mÂ²,,,,,,,,,,,,,,ConnectÃ©,Oui,,,,,,,,,,,,,,,,,,,,,,8 mÂ²,,,,,,,,,,Oui,Oui,,,,,,
42,1961,15 m,4,8,8,340 mÂ²,,Hyper Ã©quipÃ©e,4,2,3,,1449 mÂ²,28 m,,38 mÂ²,389 kWh/mÂ²,D,20210906-0002460663-RES-1,Non communiquÃ©,Non communiquÃ©,,,Gaz,Oui,Oui,Non,Non,,Zone non inondable,"Zone d'habitat (rÃ©sidentiel, urbain ou rural)",495.000 â‚¬,Oui,"Pas 96/A
2440 - Geel",4492613,,Ã€ dÃ©finir,Bon,Urbain,,15 mÂ²,15 mÂ²,14 mÂ²,,2,,,,,,,,,,,,,Oui,,,,,,,,,,,,,,,,,,Oui,,,1.893 â‚¬,12 mÂ²,,,,,,,,,,Oui,,125 mÂ²,,,,,
43,2017,9 m,4,,2,220 mÂ²,,Hyper Ã©quipÃ©e,3,1,2,,543 mÂ²,15 m,,,57.74 kWh/mÂ²,A,13008-G-2015/00076/EP12782/A001/D01/SD001,Non communiquÃ©,Non communiquÃ©,,,,Oui,Oui,Non,Non,Non,Zone non inondable,"Zone d'habitat (rÃ©sidentiel, urbain ou rural)",565.000 â‚¬,Non,"Pas 96/A
2440 - Geel",4520557,,Ã€ dÃ©finir,Excellent Ã©tat,IsolÃ©,,,,,,2,,Oui,,,,,,,,,,ConnectÃ©,Oui,,,,,,,,,,,,,,,,,,Oui,,,,,,,,Oui,,,,,,,Oui,,,,,,
44,1960,11 m,2,1,,Ã‰quipÃ©e,,4,19 mÂ²,2,Oui,,11 m,ConnectÃ©,,,F,20200811-0002298048-RES-1,Non communiquÃ©,Non communiquÃ©,Mazout,,,Oui,,274 mÂ²,Non,Non,Zone non inondable,"Zone d'habitat (rÃ©sidentiel, urbain ou rural)",315.000 â‚¬,Non,"Burchtstraat 11
2200 - Herentals",4501066,,,AprÃ¨s la signature de lâ€™acte,Ã€ rafraÃ®chir,Urbain,,18 mÂ²,17 mÂ²,13 mÂ²,,,,,,,,,,,,,,Oui,Oui,,,,,,,,,,,,,,,,,,,,,,1,,,,Oui,Non,,274 mÂ²,,,241 mÂ²,685 kWh/mÂ²,,,,,,
45,1981,,4,1,1,189 mÂ²,34 mÂ²,Hyper Ã©quipÃ©e,2,1,2,Non,3393 mÂ²,28 m,,,556 kWh/mÂ²,F,20181112-0002106692-1,Non communiquÃ©,Non communiquÃ©,,,Mazout,Oui,Oui,Oui,Oui,Non,Zone non inondable,"Zone d'habitat (rÃ©sidentiel, urbain ou rural)",419.000 â‚¬,Non,"Pas 96/A
2440 - Geel",4497027,,,FraÃ®chement rÃ©novÃ©,Pays,21 mÂ²,15 mÂ²,15 mÂ²,,,,,,,,,,,,,,,ConnectÃ©,Non,,,,,,,,,,,,,,,,,,,,,1.303 â‚¬,,,,,,189 mÂ²,,,,,Oui,Oui,,,,,,
46,2004,,4,1,,268 mÂ²,43 mÂ²,Ã‰quipÃ©e,4,1,,Non,1686 mÂ²,24 m,,,186 kWh/mÂ²,B,20210309-0002384052-RES-1,Non communiquÃ©,Non communiquÃ©,,,Gaz,Oui,Oui,Non,Non,Non,Zone non inondable,"Zone d'habitat (rÃ©sidentiel, urbain ou rural)",639.000 â‚¬,Non,"Stationsstraat 69
2440 - Geel",V&G/G/3683,,,Excellent Ã©tat,,30 mÂ²,19 mÂ²,19 mÂ²,16 mÂ²,,,,Oui,,33 mÂ²,,,Non,,,,,ConnectÃ©,Oui,,,,,,,,,,,,,,,,,,,,,,12 mÂ²,Villa,,,,,,,,,,,,,,,,
47,1980,,2,,,3,,,1,Non,,Non,ConnectÃ©,,,,B,2441949-RES-1,Non communiquÃ©,Non communiquÃ©,191,,Gaz,Non,Oui,Non,Non,Non,Zone non inondable,Autre type de zone,299.000 â‚¬,619 â‚¬,"Stationstraat 125
2440 - Geel",,,,,Bon,,,,,,,,,,,,,,264 mÂ²,,,,,Oui,191 kWh/mÂ²,,,,,,,,,,,,,,,,Non,Non,Non,Oui,,Non,,,,,,,,160 mÂ²,,,,,,,,,,
48,1954,,3,,,3,,,1,Oui,,Non,ConnectÃ©,,,,D,2434966-RES-1,Non communiquÃ©,Non communiquÃ©,353,,Mazout,Non,Non,,Non,Non,Zone non inondable,Zone agricole,397.000 â‚¬,890 â‚¬,"Stationstraat 125
2440 - Geel",,,,,Bon,,,,,,,,,,,,,,1220 mÂ²,,,,,Oui,353 kWh/mÂ²,,,,,,,,,,,,,,,,Non,Oui,Non,Non,,Non,,,,,Non,,,193 mÂ²,,,,,,,,,,
49,1968,7 m,3,1,3,,35 mÂ²,,3,1,2,Non,496 mÂ²,10 m,,,258 kWh/mÂ²,C,20210304-0002382185-RES-1,Non communiquÃ©,Non communiquÃ©,,,Gaz,Oui,Oui,Oui,Non,Non,Zone non inondable,"Zone d'habitat (rÃ©sidentiel, urbain ou rural)",309.000 â‚¬,Non,"Stationsstraat 69
2440 - Geel",V&G/G/3612,,,Ã€ rafraÃ®chir,Urbain,15 mÂ²,16 mÂ²,16 mÂ²,8 mÂ²,,,,Non,,,,,Non,,,,,ConnectÃ©,Oui,Sud-ouest,,,,,,,,,,,,,,,,,,,,775 â‚¬,,,,,,,Oui,,,Oui,,,,,,,,
50,1978,14 m,4,1,3,192 mÂ²,54 mÂ²,,2,1,,Non,1204 mÂ²,20 m,,,598 kWh/mÂ²,F,20210203-0002347814-RES-2,Non communiquÃ©,Non communiquÃ©,,,,Oui,Oui,Non,Non,Non,Zone non inondable,"Zone d'habitat (rÃ©sidentiel, urbain ou rural)",379.999 â‚¬,Non,"Stationsstraat 69
2440 - Geel",V&G/G/3593,,,Bon,Urbain,17 mÂ²,14 mÂ²,12 mÂ²,,,,,Non,,,,,Non,,,,,ConnectÃ©,Oui,,,,,,,,,,,,,,,,,,,,,940 â‚¬,,,,,Oui,,,,,,,,,,,,,
51,2021,7 m,3,,3,,38 mÂ²,Hyper Ã©quipÃ©e,4,1,2,Non,298 mÂ²,7 m,,,45 kWh/mÂ²,A,13008-G-OMV-2019122561/EP02732/A001/D01/SD001,Non communiquÃ©,Non communiquÃ©,,29,Gaz,Oui,Oui,Non,Non,Non,Zone non inondable,"Zone d'habitat (rÃ©sidentiel, urbain ou rural)",415.000 â‚¬,Non,"Heesakkers 2
2460 - Kasterlee",,,AprÃ¨s la signature de lâ€™acte,Excellent Ã©tat,Urbain,9 mÂ²,27 mÂ²,11 mÂ²,11 mÂ²,,2,,,,,,,,,,,,ConnectÃ©,Oui,,,,,Non,Oui,,,,Oui,,,,,,,,Oui,,,,42 mÂ²,,,,,91 mÂ²,,,,,,Oui,,4512335,,,,
52,1976,15 m,4,1,4,348 mÂ²,54 mÂ²,,4,2,3,Non,1525 mÂ²,32 m,,,368 kWh/mÂ²,D,20201219-0002352419-RES-1,Non communiquÃ©,Non communiquÃ©,,,Mazout,Oui,Oui,Non,Oui,Non,Zone non inondable,Parc rÃ©sidentiel,590.000 â‚¬,Non,"Stationsstraat 69
2440 - Geel",V&G/G/3603,,,Ã€ rÃ©nover,Urbain,,,,,,,,Oui,,35 mÂ²,,,Non,,,,,Non connectÃ©,Non,,,,,,,,,,,,,,,,,,,,,,,Villa,,,,,,,,,,Oui,,,,,,
53,1987,24.64 m,4,2,5,680 mÂ²,64 mÂ²,,7,2,,Non,3095 mÂ²,50 m,,,377 kWh/mÂ²,D,Non communiquÃ©,Non communiquÃ©,Non communiquÃ©,,,Ã‰lectrique,Oui,Oui,,Non,Non,Zone non inondable,,790.000 â‚¬,Non,"Vonckstraat 3
2270 - Herenthout",4498754,,Ã€ dÃ©finir,Bon,"Zone d'habitat (rÃ©sidentiel, urbain ou rural)",19 mÂ²,31 mÂ²,27 mÂ²,21 mÂ²,,,,Oui,,,,,,,,,,,Non,,,,,,,Oui,,,,,,,,,,,,,,3.408 â‚¬,21 mÂ²,,,,Oui,680 mÂ²,,,,,Oui,Oui,54 mÂ²,,21 mÂ²,,,
54,1967,,,1,,236 mÂ²,,,4,1,2,,1249 mÂ²,,,,324 kWh/mÂ²,D,Non communiquÃ©,Non communiquÃ©,Non communiquÃ©,,,,Oui,Oui,Non,Non,Non,Zone non inondable,"Zone d'habitat (rÃ©sidentiel, urbain ou rural)",399.900 â‚¬,Non,"Gasthuisstraat 98/1
2440 - Geel",,,,Excellent Ã©tat,,,,,,Non,,,Non,,,,,,Non,Non,Non,Non,Non connectÃ©,Oui,,,,,,,,,,,,,,,,,,,,Non,,,Toutes sortes,,,Oui,,,,Oui,,,,,TK GEEL MAAL 10C,,,,
55,1965,,3,,,147 mÂ²,,,4,1,,Non,337 mÂ²,,,,804 kWh/mÂ²,F,20200710-0002292954-RES-1,Non communiquÃ©,Non communiquÃ©,,804,Mazout,Non,Oui,Non,Non,Non,Zone non inondable,"Zone d'habitat (rÃ©sidentiel, urbain ou rural)",254.000 â‚¬,Non,"Fraikinstraat 7
2200 - Herentals",,,AprÃ¨s la signature de lâ€™acte,Ã€ rÃ©nover,,10 mÂ²,,,,,,,,,10 mÂ²,,,Non,,,,,ConnectÃ©,Non,,,,,,,,,,,,,,,,Non,Non,Non,Non,,,,,,,,,,,,Oui,,Oui,,2021N082,,,,
56,2020,7 m,,,,240 mÂ²,,Ã‰quipÃ©e,4,1,2,Non,250 mÂ²,7 m,,,Non communiquÃ©,Non communiquÃ©,Non communiquÃ©,Non communiquÃ©,Non communiquÃ©,,,,Oui,Oui,Oui,Non,Non,Zone non inondable,"Zone d'habitat (rÃ©sidentiel, urbain ou rural)",362.500 â‚¬,Non,"Stationsstraat 69
2440 - Geel",V&G/G/3368,,,Excellent Ã©tat,,,,,,,,,Non,,,,,Non,,,,,ConnectÃ©,Oui,Sud-est,,,,,,,,,,,,,,,,,,,,,,,,,,,Oui,,Oui,,,,,,,,,
57,1975,,4,1,1,235 mÂ²,,Hyper Ã©quipÃ©e,4,2,2,,1330 mÂ²,29 m,,,231 kWh/mÂ²,C,20200919-0002317198-RES-1,Non communiquÃ©,Non communiquÃ©,,,,Oui,Oui,Non,Non,Non,Zone non inondable,"Zone d'habitat (rÃ©sidentiel, urbain ou rural)",439.000 â‚¬,Non,"Pas 96/A
2440 - Geel",4359566,,Ã€ dÃ©finir,FraÃ®chement rÃ©novÃ©,"Zone d'habitat (rÃ©sidentiel, urbain ou rural)",,,,,,2,,,,,,,,,,,,,,,,,,,,,Oui,,,,,,,,,,Oui,,,1.065 â‚¬,,,,,,,,,,,Oui,Oui,,,,,,
58,1967,,4,2,2,160 mÂ²,,,4,,,,1650 mÂ²,25 m,,,671 kWh/mÂ²,F,20210715-0002442471-RS-1,Non communiquÃ©,Non communiquÃ©,,,Mazout,,Oui,Non,Oui,Non,Zone non inondable,Zone agricole,235.000 â‚¬,Non,"Pas 96/A
2440 - Geel",4418404,,AprÃ¨s la signature de lâ€™acte,Ã€ rÃ©nover,"Zone d'habitat (rÃ©sidentiel, urbain ou rural)",,,,,,,,,,,,,,,,,,,,,,,,,,,,,,,,,,,,,,,,550 â‚¬,,,,,,,,,Oui,,,,,,,,,
59,1969,14 m,4,1,4,144 mÂ²,,,3,,,Non,1065 mÂ²,22 m,,,821 kWh/mÂ²,F,20210617-0002430409-RES-1,Non communiquÃ©,Non communiquÃ©,,,Mazout,Non,Oui,Non,Non,Non,Zone non inondable,"Zone d'habitat (rÃ©sidentiel, urbain ou rural)",309.000 â‚¬,Non,"Stationsstraat 69
2440 - Geel",V&G/G/3591,,,Ã€ rÃ©nover,Urbain,,,,,,,,Non,,94 mÂ²,,,Non,,,,,Non connectÃ©,Non,Sud,,,,,,,,,,,,,,,,,,,,,,,,,,,Oui,,Oui,Oui,,Oui,,,,,,
60,,,,63,63,,,,,,,,,,,,Non communiquÃ©,Non communiquÃ©,Non communiquÃ©,Non communiquÃ©,Non communiquÃ©,,,,,Oui,Non,Non,,Zone non inondable,,,Non,"Graatakker 58
2300 - Turnhout",4088936,,Ã€ la livraison,,,,,,,,,,,,,,,,,,,,,,,,,,,,,,,,,,,,,,,,,,,,,,,,,,,,,,,,,,,,
61,1963,7.75 m,4,,1,,,4,2,3,Non,600 mÂ²,Non,,,,D,0001287664,Non communiquÃ©,Non communiquÃ©,Mazout,,,Oui,Oui,Non,Non,Non,Zone inondable potentielle,"Zone d'habitat (rÃ©sidentiel, urbain ou rural)",325.000 â‚¬,1.078 â‚¬,"Meulemanslaan 8
2260 - Westerloo",4489283,,,,,,,,,,,,,,,,,,,,,,,,374 kWh/mÂ²,,,,,,,,,,,,,,,,,,,,,Non,,,,,,,,Oui,Hyper Ã©quipÃ©e,,,,,,,,,
62,1974,14 m,4,1,3,170 mÂ²,36 mÂ²,,4,1,1,Non,1000 mÂ²,20 m,,,733 kWh/mÂ²,F,20210401-0002395838-RES-1,Non communiquÃ©,Non communiquÃ©,,,Mazout,Oui,Oui,Non,Non,Non,Zone d'inondation reconnue,"Zone d'habitat (rÃ©sidentiel, urbain ou rural)",329.000 â‚¬,Non,"Stationsstraat 69
2440 - Geel",V&G/G/3504,,,,,17 mÂ²,16 mÂ²,12 mÂ²,12 mÂ²,,,,Oui,,25 mÂ²,,,Non,,,,,Non connectÃ©,Non,,,,,,,,,,,,,,,,,,,,,1.115 â‚¬,9 mÂ²,,,,,,,,,,,,,,,,,
63,,,,,,,,,,,,,,,,,Non communiquÃ©,Non communiquÃ©,Non communiquÃ©,Non communiquÃ©,Non communiquÃ©,,,,,Oui,Oui,Non,Non,Zone non inondable,,,Non,"Merksplassesteenweg 18
2310 - Rijkevorsel",,Hulst,,,,,,,,,,,,,,,,,,,,,,,,,,,,,,,,,,,,,,,,,,,,,,,,,,,,,,,,,,,,,
64,1967,11 m,4,2,,219 mÂ²,,,4,1,,,1215 mÂ²,20 m,,,513 kWh/mÂ²,F,Non communiquÃ©,Non communiquÃ©,Non communiquÃ©,,,,,,,,Non,,"Zone d'habitat (rÃ©sidentiel, urbain ou rural)",365.000 â‚¬,,"Lierseweg 1
2200 - Herentals",,,AprÃ¨s la signature de lâ€™acte,,,,,,,,,Oui,,,,,,,,,,,,Oui,,,,,,,,,,,,,,,,,,,,,1.249 â‚¬,,,,,Oui,,,,Oui,Oui,Oui,,,,,Tom Goossens,,
65,1964,,4,,,500 mÂ²,,Ã‰quipÃ©e,5,2,,,13753 mÂ²,,,,581 kWh/mÂ²,F,Non communiquÃ©,Non communiquÃ©,Non communiquÃ©,,,,,,,,,,,1.275.000 â‚¬,,"Wontergemstraat 3
9810 - Eke",Kristof Welleman,,AprÃ¨s la signature de lâ€™acte,,"Zone d'habitat (rÃ©sidentiel, urbain ou rural)",,,,,,,Oui,Oui,,,,,,,Oui,Oui,Oui,,Oui,,,,,,,,,,,,,Oui,,,,,,,,,,,1,,Oui,,,,,,,Oui,,,,,Villa VDV,
66,1967,,4,,,Oui,,,1,Oui,,Non,Non connectÃ©,,,,C,20210408-0002398858-RES-1,Non communiquÃ©,Non communiquÃ©,294,,Mazout,Non,Oui,Non,Non,Non,Zone non inondable,Zone agricole,445.000 â‚¬,1.194 â‚¬,"Stationstraat 125
2440 - Geel",,,,,,,,,,,,,,Oui,Non,,,,1179 mÂ²,,,,,Oui,294 kWh/mÂ²,,,,,,,,,,,,,,,,Non,Non,Non,Non,,Non,,,,,,,,334 mÂ²,,5,,,,,,,,
67,,,4,2,10,,32 mÂ²,,4,2,2,Non,1150 mÂ²,19 m,800 mÂ²,50 mÂ²,Non communiquÃ©,Non communiquÃ©,Non communiquÃ©,Non communiquÃ©,Non communiquÃ©,"Oui, conforme",,Gaz,Oui,Oui,Oui,Non,Non,Zone non inondable,"Zone d'habitat (rÃ©sidentiel, urbain ou rural)",499.999 â‚¬,Oui,,,,AprÃ¨s la signature de lâ€™acte,Excellent Ã©tat,Paysage,10 mÂ²,21 mÂ²,14 mÂ²,14 mÂ²,Oui,,,Non,Non,7 mÂ²,90 mÂ²,,Non,Non,Non,Non,Oui,ConnectÃ©,Oui,Nord-ouest,Nord-ouest,1,Non,Non,Non,Oui,Non,Non,Non,Non,Non,Non,Non,"Oui, conforme",Non,Non,Non,Non,Non,,14 mÂ²,Immeuble Ã  appartements,,,,,,,,,,,,,,,,
68,2018,,4,,1,,,AmÃ©ricaine hyper-Ã©quipÃ©e,3,1,2,Non,466 mÂ²,,,21 mÂ²,Non communiquÃ©,Non communiquÃ©,Non communiquÃ©,Non communiquÃ©,Non communiquÃ©,,30,,Oui,,Oui,Non,Non,Zone non inondable,"Zone d'habitat (rÃ©sidentiel, urbain ou rural)",356.110 â‚¬,Non,"Noordstraat 2A
2220 - Heist op den Berg",3283457,,Ã€ la livraison,Excellent Ã©tat,,,,,,,,,,,,,,,,,,,ConnectÃ©,Non,,,,,,,,,,,,,,,,,,,,,,,,,,,,,,,,Oui,,,,,,,
69,2018,,4,,1,,,AmÃ©ricaine hyper-Ã©quipÃ©e,3,1,2,Non,466 mÂ²,,,21 mÂ²,Non communiquÃ©,Non communiquÃ©,Non communiquÃ©,Non communiquÃ©,Non communiquÃ©,,30,,Oui,,Oui,Non,Non,Zone non inondable,"Zone d'habitat (rÃ©sidentiel, urbain ou rural)",374.000 â‚¬,Non,"Noordstraat 2A
2220 - Heist op den Berg",4164609,,Ã€ la livraison,Excellent Ã©tat,,,,,,,,,,,,,,,,,,,ConnectÃ©,Non,,,,,,,,,,,,,,,,,,,,,,,,,,,,,,,,Oui,,,,,,,
70,1972,,4,1,2,4,,,1,Oui,,,ConnectÃ©,,,374 kWh/mÂ²,D,20210511-0002414104-Res-1,Non communiquÃ©,Non communiquÃ©,449.000 â‚¬,,,,,,,,,,,Non,"Rondplein 14/2
2400 - Mol",4446603,,Geel,,Bon,,,,,,,,,,,,,,,,,,,Non,28 mÂ²,,,,,,,,,,,,,,,,,,,,,,,,,,1350 mÂ²,,,245 mÂ²,,,,,,,,,,
71,,9 m,4,,2,166 mÂ²,,,3,2,2,Non,446 mÂ²,13 m,,,585 kWh/mÂ²,F,20200131-0002242882-RES-1,Non communiquÃ©,Non communiquÃ©,,,Gaz,Oui,Oui,Non,Non,Non,Zone d'inondation reconnue,"Zone d'habitat (rÃ©sidentiel, urbain ou rural)",244.000 â‚¬,Non,"Stationsstraat 69
2440 - Geel",V&G/G/3479,,,,Urbain,,,,,,,,Non,,,,,Non,,,,,Non connectÃ©,Non,,,,,,,,,,,,,,,,,,,,,756 â‚¬,,,,,,,,,Oui,Oui,,Oui,,,,,,
72,1941,,3,1,4,250 mÂ²,,,3,1,,Non,398 mÂ²,,,,Non communiquÃ©,Non communiquÃ©,20210125-0002364169-KNR-1,Non communiquÃ©,Non communiquÃ©,,,Gaz,Non,Oui,Non,Non,Non,Zone non inondable,"Zone d'habitat (rÃ©sidentiel, urbain ou rural)",339.000 â‚¬,Non,"Stationsstraat 69
2440 - Geel",V&G/G/3427,,,Ã€ rafraÃ®chir,Urbain,,,,,,,,Non,,,,,Non,,,,,Non connectÃ©,Non,,,,,,,,,,,,,,,,,,,,,,,,,,Oui,,,,Oui,,,Oui,,,,,,
73,1957,,,1,,477 mÂ²,35 mÂ²,,8,1,,Non,3629 mÂ²,22 m,,,711 kWh/mÂ²,F,20201013-0002327419-RES-1,Non communiquÃ©,Non communiquÃ©,,,Mazout,Non,Oui,Non,Non,Non,Zone non inondable,"Zone d'habitat (rÃ©sidentiel, urbain ou rural)",369.000 â‚¬,Non,"Stationsstraat 69
2440 - Geel",V&G/G/3567,,,,,13 mÂ²,14 mÂ²,15 mÂ²,16 mÂ²,,,,Non,,,,,Non,,,,,Non connectÃ©,Non,,,,,,,,,,,,,,,,,,,,,,12 mÂ²,,,,Oui,,,,,,,,,,20 mÂ²,,,
74,,,2,,,346 mÂ²,,,4,2,1,Non,619 mÂ²,,,,Non communiquÃ©,Non communiquÃ©,Non communiquÃ©,Non communiquÃ©,Non communiquÃ©,,,Gaz,Oui,Oui,Non,Non,Non,Zone non inondable,"Zone d'habitat (rÃ©sidentiel, urbain ou rural)",895.000 â‚¬,Non,"Pas 96/A
2440 - Geel",4151894,,,Bon,,,,,,,,,,,,,,,,,,,,,,,,,,,,,,,,,,,,,,,,,,,,,,,,,,,,,,,,,,,
75,1949,,4,3,3,,,,3,1,1,Non,1018 mÂ²,,,,Non communiquÃ©,Non communiquÃ©,20200207-0002245659-KNR-1,Non communiquÃ©,Non communiquÃ©,,,,Oui,Oui,Non,Non,Non,Zone non inondable,"Zone d'habitat (rÃ©sidentiel, urbain ou rural)",950.000 â‚¬,Non,"Pas 96/A
2440 - Geel",4336956,,,Bon,Urbain,,,,,,,,Oui,,,,,,,,,,,,,,,,,,,,,,,,Oui,,,,,,,,4.332 â‚¬,,,,,,,,,,,,Oui,,,,,,
76,,,4,1,1,,,,3,1,,,3500 mÂ²,,3000 mÂ²,,502 kWh/mÂ²,F,20210706-0002438374-RES-1,Non communiquÃ©,Non communiquÃ©,,,,,Oui,Non,Non,Non,Zone non inondable,"Zone d'habitat (rÃ©sidentiel, urbain ou rural)",349.000 â‚¬,Non,"Pas 96/A
2440 - Geel",4505912,,AprÃ¨s la signature de lâ€™acte,Bon,Pays,,,,,,,,,,,,,,,,,,,Non,,,,,,,,,,,,,,,,,,,,,,,,,,,,,,,,,Oui,,,,,,
77,,,,,,,,,Non,Non,,4223 mÂ²,Non,,,,F,Non communiquÃ©,Non communiquÃ©,Non communiquÃ©,Non,,,,Oui,Toutes sortes,Non,Non,Zone non inondable,"Zone d'habitat (rÃ©sidentiel, urbain ou rural)",399.000 â‚¬,1.181 â‚¬,"Dorpsstraat 34 Bus 1
2590 - Berlaar",20322/01TK,,,,,,,,,,1,,,Non,,,,,,Non,Non,Non,Non connectÃ©,Non,623 kWh/mÂ²,,,,,,,,,,,,,,,,,,,,Non,Non,,Non,,,,,,3,,,,,,,,,,
78,2020,,2,63,63,94 mÂ²,,Hyper Ã©quipÃ©e,2,1,2,,,,39 mÂ²,,Non communiquÃ©,Non communiquÃ©,Non communiquÃ©,Non communiquÃ©,Non communiquÃ©,,54,Gaz,Oui,Oui,Non,Non,,Zone non inondable,"Zone d'habitat (rÃ©sidentiel, urbain ou rural)",220.181 â‚¬,Non,"Graatakker 58
2300 - Turnhout",4285622,,Ã€ la livraison,,Urbain,,,,,,,,,,,,,,,,,,ConnectÃ©,Oui,,,,,,,,,,Oui,,,,,,,,,,,,,,,,Oui,,,,,,,,,,,,,
79,2020,,2,63,63,97 mÂ²,,Hyper Ã©quipÃ©e,2,1,2,,,,37 mÂ²,,Non communiquÃ©,Non communiquÃ©,Non communiquÃ©,Non communiquÃ©,Non communiquÃ©,,54,Gaz,Oui,Oui,Non,Non,,Zone non inondable,"Zone d'habitat (rÃ©sidentiel, urbain ou rural)",227.436 â‚¬,Non,"Graatakker 58
2300 - Turnhout",4285696,,Ã€ la livraison,,Urbain,,,,,,,,,,,,,,,,,,ConnectÃ©,Oui,,,,,,,,,,Oui,,,,,,,,,,,,,,,,Oui,,,,,,,,,,,,,
80,2019,,2,63,63,111 mÂ²,,Hyper Ã©quipÃ©e,3,1,2,,,,40 mÂ²,,Non communiquÃ©,Non communiquÃ©,Non communiquÃ©,Non communiquÃ©,Non communiquÃ©,,54,Gaz,Oui,Oui,Non,Non,,Zone non inondable,"Zone d'habitat (rÃ©sidentiel, urbain ou rural)",249.552 â‚¬,Non,"Graatakker 58
2300 - Turnhout",4285690,,Ã€ la livraison,,Urbain,,,,,,,,,,,,,,,,,,ConnectÃ©,Oui,,,,,,,,,,Oui,,,,,,,,,,,,,,,,Oui,,,,,,,,,,,,,
81,2019,,2,63,63,115 mÂ²,,Hyper Ã©quipÃ©e,3,1,2,,,,45 mÂ²,,Non communiquÃ©,Non communiquÃ©,Non communiquÃ©,Non communiquÃ©,Non communiquÃ©,,54,Gaz,Oui,Oui,Non,Non,,Zone non inondable,"Zone d'habitat (rÃ©sidentiel, urbain ou rural)",258.600 â‚¬,Non,"Graatakker 58
2300 - Turnhout",4285672,,Ã€ la livraison,,Urbain,,,,,,,,,,,,,,,,,,ConnectÃ©,Oui,,,,,,,,,,Oui,,,,,,,,,,,,,,,,Oui,,,,,,,,,,,,,
82,,,,,,420 mÂ²,,,3,2,,Non,345 mÂ²,,,,Non communiquÃ©,Non communiquÃ©,20200122-0002239207-KNR-1,Non communiquÃ©,Non communiquÃ©,,,,Non,Oui,Non,Oui,Non,Zone non inondable,"Zone d'habitat (rÃ©sidentiel, urbain ou rural)",599.000 â‚¬,Non,"Stationsstraat 69
2440 - Geel",V&G/G/3498,,,Ã€ rÃ©nover,Urbain,,,,,,,,Non,,42 mÂ²,,,Non,,,,,Non connectÃ©,Non,,,,,,,,,,,,,,,,,,,,,,,,,,,,,,Oui,,,,,,,,,
83,2020,,4,,1,100 mÂ²,,AmÃ©ricaine hyper-Ã©quipÃ©e,3,1,1,,613 mÂ²,15 m,,,Non communiquÃ©,Non communiquÃ©,Non communiquÃ©,Non communiquÃ©,Non communiquÃ©,,,,Oui,Oui,Oui,Non,,Zone non inondable,"Zone d'habitat (rÃ©sidentiel, urbain ou rural)",305.000 â‚¬,Non,"Fehrenbachstraat, 53
2440 - Geel",4445079,,Ã€ la livraison,Excellent Ã©tat,,,,,,,,,,,,,,,,,,,,,,,,,,,,,,,,,,,,,,,,,,,,,,,,,,,,,Oui,,,,,,
84,,8.94 m,3,2,4,145 mÂ²,,Hyper Ã©quipÃ©e,3,1,,Non,417 mÂ²,12 m,,,Non communiquÃ©,Non communiquÃ©,Non communiquÃ©,Non communiquÃ©,Non communiquÃ©,,,Gaz,Oui,,Oui,Non,Non,Zone non inondable,"Zone d'habitat (rÃ©sidentiel, urbain ou rural)",354.914 â‚¬,Non,"Hallaarstraat 51B
2222 - Heist op den Berg",4304009,,Ã€ la livraison,,Urbain,,,,,,,,,,,,,,,,,,ConnectÃ©,Oui,,,,,,,,,,,,,,,,,,Oui,,,,,,,,,,,,,,,Oui,,,,,,
85,2021,10 m,,1,,,,,Non,Oui,,,,,,,Non communiquÃ©,Non communiquÃ©,Non communiquÃ©,Non communiquÃ©,Non,,,,295.000 â‚¬,,,,,,,Non,"Campus Blairon 445
2300 - Turnhout",DHBel 1 GEEL,,,,,,,,,,1,,Non,Non,,,,,,Non,Non,Non,Non connectÃ©,Non,Non communiquÃ©,,,,,,,,,,,,,,,,,,,,,,,,,,,,,Oui,5,,,,,,,,,
86,,,2,10,2,450 mÂ²,,,4,,,Non,,,,,Non communiquÃ©,Non communiquÃ©,Non communiquÃ©,Non communiquÃ©,Non communiquÃ©,,,,,,,,,,,1.195.000 â‚¬,Oui,"Place du champ de Mars 5
1050 - Bruxelles",,,,Excellent Ã©tat,,,,,,,,,,,,,,,,,,,,,,,,,,,,,,,,,,,,,,,,,,,,,,,,,,,,,Oui,,4501478,,,,
87,,10 m,,,,160 mÂ²,,,3,,,,431 mÂ²,15 m,,,Non communiquÃ©,Non communiquÃ©,Non communiquÃ©,Non communiquÃ©,Non communiquÃ©,,,,Non,,Non,Non,Non,Zone non inondable,"Zone d'habitat (rÃ©sidentiel, urbain ou rural)",307.337 â‚¬,Non,"Impulsstraat 8
2220 - Heist-op-den-Berg",,,,,,,,,,Non,,,Non,,,,,,Non,Non,Non,Non,Non connectÃ©,Non,,,,,,,,,,,,,,,,,,,,Non,,,Toutes sortes,,,,80 mÂ²,,,,,,,,NPL 18 / 031,,,,
88,2021,,,,,,,,4,1,,,,,,,Non communiquÃ©,Non communiquÃ©,Non communiquÃ©,Non communiquÃ©,Non communiquÃ©,,,,Non,,,,,,,295.000 â‚¬,Non,"Campus Blairon 445
2300 - Turnhout",DHBel3LGeel,,,,,,,,,Non,,Oui,Oui,,,,,,Non,Non,Non,Non,Non connectÃ©,Non,Sud,,,,,,,,,,,,,,,,,,,,,,,,,,,Oui,,,,,,,,,,,
89,,,,,,,,,,,,,,,,,Non communiquÃ©,Non communiquÃ©,Non communiquÃ©,Non communiquÃ©,Non communiquÃ©,,,,,Oui,Non,Non,Non,,,,Oui,"Markt 20
2440 - Geel",,,Ã€ la livraison,,,,,,,,,,,,,,,,,,,,,,,,,,,,,,,,,,,,,,,,,,,,,,,,,,,,,,,,,,,,
90,,,,,,,,,,,,,,,,,Non communiquÃ©,Non communiquÃ©,Non communiquÃ©,Non communiquÃ©,Non communiquÃ©,,,,,Oui,Oui,Non,Non,,,,Oui,"Markt 20
2440 - Geel",,,Ã€ la livraison,,,,,,,,,,,,,,,,,,,,,,,,,,,,,,,,,,,,,,,,,,,,,,,,,,,,,,,,,,,,
91,1995,,8,,,340 mÂ²,,,5,2,1,Non,5000 mÂ²,,4600 mÂ²,,Non communiquÃ©,Non communiquÃ©,Non communiquÃ©,155 kg COâ‚‚/mÂ²,Non communiquÃ©,,,,Non,Oui,,,,Zone non inondable,Zone agricole,850.000 â‚¬,Non,,,,AprÃ¨s la signature de lâ€™acte,Excellent Ã©tat,,,,,,Non,,Oui,Oui,Oui,,,Oui,Non,Oui,Oui,Non,Oui,Non connectÃ©,Oui,Sud,,2,Non,Non,Non,Non,Non,Non,Non,Non,Non,Non,Oui,,Non,Non,Oui,Non,,,,Villa,1,,,5000 mÂ²,,,Oui,Oui,Oui,,,,,,,
92,1997,,4,,2,,,AmÃ©ricaine semi-Ã©quipÃ©e,3,2,2,Non,1336 mÂ²,,,,333 kWh/mÂ²,D,20190501-0002155930-RES-1,Non communiquÃ©,Non communiquÃ©,Non,,Gaz,Oui,Oui,Non,Non,Non,Zone non inondable,"Zone d'habitat (rÃ©sidentiel, urbain ou rural)",875.000 â‚¬,Oui,"Markt 20
2440 - Geel",40855 - GEE-21-SDP-0,,AprÃ¨s la signature de lâ€™acte,Bon,Rue commerÃ§ante,7 mÂ²,15 mÂ²,15 mÂ²,15 mÂ²,,1,,,,,,,,,,,,,Oui,,,,,,,,Oui,,,,,,,,,,,,,,,,,,Oui,,,,,,,,,,,,,
93,1980,,4,4,,,,Semi-Ã©quipÃ©e,3,1,2,Non,5415 mÂ²,,,,793 kWh/mÂ²,F,20211005-0002472964-RES-1,Non communiquÃ©,Non communiquÃ©,Non,,Mazout,Oui,Oui,Non,Non,Non,Zone non inondable,"Zone d'habitat (rÃ©sidentiel, urbain ou rural)",399.000 â‚¬,Non,"Markt 20
2440 - Geel",39175 - GEE-21-DHO-0,,AprÃ¨s la signature de lâ€™acte,Ã€ rÃ©nover,,,,,,,,,,,,,,,,,,,,Oui,,,,,,,,,,,,,,,,,,,,,1.065 â‚¬,,,,,Oui,,,,,,,,,,,,,
94,,,,,,,,,,,,,,,,,Non communiquÃ©,Non communiquÃ©,Non communiquÃ©,Non communiquÃ©,Non communiquÃ©,,,,,Oui,Oui,Non,Non,Zone non inondable,,,Non,"Merksplassesteenweg 18
2310 - Rijkevorsel",,Hulst,,,,,,,,,,,,,,,,,,,,,,,,,,,,,,,,,,,,,,,,,,,,,,,,,,,,,,,,,,,,,
95,1948,,4,,,95 mÂ²,,Semi-Ã©quipÃ©e,2,1,,Non,758 mÂ²,,,,1411 kWh/mÂ²,F,Non communiquÃ©,Non communiquÃ©,Non communiquÃ©,Non,,Mazout,,,Non,Non,Non,Zone non inondable,"Zone d'habitat (rÃ©sidentiel, urbain ou rural)",169.000 â‚¬,Non,"Markt 20
2440 - Geel",39212 - GEE-21-DHO-0,,AprÃ¨s la signature de lâ€™acte,Ã€ rÃ©nover,,,,,,,,,,,,,,,,,,,,Oui,,,,,,,,,,,,,,,,,,,,,,,,,,,,,,,,,,,,,,,
96,1952,,4,,,155 mÂ²,,Ã‰quipÃ©e,4,1,,Non,,,,,193 kWh/mÂ²,B,Non communiquÃ©,Non communiquÃ©,Non communiquÃ©,Non,,Gaz,Oui,Oui,Non,Non,Non,Zone non inondable,"Zone d'habitat (rÃ©sidentiel, urbain ou rural)",379.000 â‚¬,Non,"Markt 20
2440 - Geel",39630 - GEE-21-SDP-1,,AprÃ¨s la signature de lâ€™acte,Excellent Ã©tat,,15 mÂ²,20 mÂ²,16 mÂ²,15 mÂ²,,,,,,,,,,,,,,,Oui,Est,,,,,,,,,,,,,,,,,,,,,15 mÂ²,,,,Oui,,Oui,,,,,,,,,,,
97,2020,7 m,3,,,140 mÂ²,38 mÂ²,,3,1,2,Non,218 mÂ²,,,15 mÂ²,Non communiquÃ©,Non communiquÃ©,Non communiquÃ©,Non communiquÃ©,Non communiquÃ©,Non,30,,Oui,Oui,Non,Non,,Zone non inondable,,296.000 â‚¬,Non,"Markt 20
2440 - Geel",37912 - NWB-21-DHE-1,,Ã€ la livraison,,Rue commerÃ§ante,7 mÂ²,13 mÂ²,10 mÂ²,8 mÂ²,,,,,,,,,,,,,,,Oui,,,,,,Oui,,,,,,,,,,,,,,,,,,,,,,,,,,,,,,,,,
98,2020,7 m,3,,,140 mÂ²,38 mÂ²,,3,1,2,Non,227 mÂ²,,,15 mÂ²,Non communiquÃ©,Non communiquÃ©,Non communiquÃ©,Non communiquÃ©,Non communiquÃ©,Non,30,,Oui,Oui,Non,Non,,Zone non inondable,,297.000 â‚¬,Non,"Markt 20
2440 - Geel",37908 - NWB-21-DHE-1,,Ã€ la livraison,,Rue commerÃ§ante,7 mÂ²,13 mÂ²,10 mÂ²,8 mÂ²,,,,,,,,,,,,,,,Oui,,,,,,Oui,,,,,,,,,,,,,,,,,,,,,,,,,,,,,,,,,
99,2020,7 m,3,,,140 mÂ²,38 mÂ²,,3,1,2,Non,228 mÂ²,,,15 mÂ²,Non communiquÃ©,Non communiquÃ©,Non communiquÃ©,Non communiquÃ©,Non communiquÃ©,Non,30,,Oui,Oui,Non,Non,,Zone non inondable,,297.000 â‚¬,Non,"Markt 20
2440 - Geel",37932 - NWB-21-DHE-1,,Ã€ la livraison,,Rue commerÃ§ante,7 mÂ²,13 mÂ²,10 mÂ²,8 mÂ²,,,,,,,,,,,,,,,Oui,,,,,,Oui,,,,,,,,,,,,,,,,,,,,,,,,,,,,,,,,,
100,2020,7 m,3,,,140 mÂ²,38 mÂ²,,3,1,2,Non,230 mÂ²,,,15 mÂ²,Non communiquÃ©,Non communiquÃ©,Non communiquÃ©,Non communiquÃ©,Non communiquÃ©,Non,30,,Oui,Oui,Non,Non,,Zone non inondable,,297.000 â‚¬,Non,"Markt 20
2440 - Geel",37926 - NWB-21-DHE-1,,Ã€ la livraison,,Rue commerÃ§ante,7 mÂ²,13 mÂ²,10 mÂ²,8 mÂ²,,,,,,,,,,,,,,,Oui,,,,,,Oui,,,,,,,,,,,,,,,,,,,,,,,,,,,,,,,,,
101,2020,7 m,3,,,155 mÂ²,41 mÂ²,,3,1,2,Non,237 mÂ²,,,15 mÂ²,Non communiquÃ©,Non communiquÃ©,Non communiquÃ©,Non communiquÃ©,Non communiquÃ©,Non,30,,Oui,Oui,Non,Non,,Zone non inondable,,303.000 â‚¬,Non,"Markt 20
2440 - Geel",37910 - NWB-21-DHE-1,,Ã€ la livraison,,Rue commerÃ§ante,8 mÂ²,14 mÂ²,11 mÂ²,10 mÂ²,,,,,,,,,,,,,,,Oui,,,,,,Oui,,,,,,,,,,,,,,,,,,,,,,,,,,,,,,,,,
102,2020,7 m,3,,,155 mÂ²,41 mÂ²,,3,1,2,Non,239 mÂ²,,,15 mÂ²,Non communiquÃ©,Non communiquÃ©,Non communiquÃ©,Non communiquÃ©,Non communiquÃ©,Non,30,,Oui,Oui,Non,Non,,Zone non inondable,,303.000 â‚¬,Non,"Markt 20
2440 - Geel",37906 - NWB-21-DHE-1,,Ã€ la livraison,,Rue commerÃ§ante,8 mÂ²,14 mÂ²,11 mÂ²,10 mÂ²,,,,,,,,,,,,,,,Oui,,,,,,Oui,,,,,,,,,,,,,,,,,,,,,,,,,,,,,,,,,
103,2020,7 m,3,,,155 mÂ²,41 mÂ²,,3,1,2,Non,248 mÂ²,,,15 mÂ²,Non communiquÃ©,Non communiquÃ©,Non communiquÃ©,Non communiquÃ©,Non communiquÃ©,Non,30,,Oui,Oui,Non,Non,,Zone non inondable,,304.000 â‚¬,Non,"Markt 20
2440 - Geel",37924 - NWB-21-DHE-1,,Ã€ la livraison,,Rue commerÃ§ante,8 mÂ²,14 mÂ²,11 mÂ²,10 mÂ²,,,,,,,,,,,,,,,Oui,,,,,,Oui,,,,,,,,,,,,,,,,,,,,,,,,,,,,,,,,,
104,2020,7 m,3,,,155 mÂ²,41 mÂ²,,3,1,2,Non,242 mÂ²,,,15 mÂ²,Non communiquÃ©,Non communiquÃ©,Non communiquÃ©,Non communiquÃ©,Non communiquÃ©,Non,30,,Oui,Oui,Non,Non,,Zone non inondable,,304.000 â‚¬,Non,"Markt 20
2440 - Geel",37930 - NWB-21-DHE-1,,Ã€ la livraison,,Rue commerÃ§ante,8 mÂ²,14 mÂ²,11 mÂ²,10 mÂ²,,,,,,,,,,,,,,,Oui,,,,,,Oui,,,,,,,,,,,,,,,,,,,,,,,,,,,,,,,,,
105,2020,7 m,3,,,155 mÂ²,41 mÂ²,,3,1,2,Non,268 mÂ²,,,15 mÂ²,Non communiquÃ©,Non communiquÃ©,Non communiquÃ©,Non communiquÃ©,Non communiquÃ©,Non,30,,Oui,Oui,Non,Non,,Zone non inondable,,307.000 â‚¬,Non,"Markt 20
2440 - Geel",37916 - NWB-21-DHE-1,,Ã€ la livraison,,Rue commerÃ§ante,8 mÂ²,14 mÂ²,11 mÂ²,10 mÂ²,,,,,,,,,,,,,,,Oui,,,,,,Oui,,,,,,,,,,,,,,,,,,,,,,,,,,,,,,,,,
106,2013,,4,,,418 mÂ²,42 mÂ²,Hyper Ã©quipÃ©e,4,1,2,Non,1213 mÂ²,,1015 mÂ²,35 mÂ²,Non communiquÃ©,Non communiquÃ©,13021-G-2011_4253/A001/D01/SD001,Non communiquÃ©,Non communiquÃ©,,,Gaz,Oui,Oui,Oui,Non,Non,Zone non inondable,"Zone d'habitat (rÃ©sidentiel, urbain ou rural)",589.000 â‚¬,Non,,,,AprÃ¨s la signature de lâ€™acte,Excellent Ã©tat,"Zone d'habitat (rÃ©sidentiel, urbain ou rural)",20 mÂ²,28 mÂ²,15 mÂ²,15 mÂ²,Oui,1,Oui,Non,Non,,80 mÂ²,Oui,Non,Non,Non,Non,Non,ConnectÃ©,Oui,,Sud-ouest,,Non,Non,Non,Non,Non,Oui,Non,Non,Non,Non,Oui,,Non,Non,Non,Non,,,15 mÂ²,,,,,,,,,,,,,,,,,
107,2022,,2,,1,133 mÂ²,34 mÂ²,Ã‰quipÃ©e,3,1,2,Non,162 mÂ²,,,15 mÂ²,Non communiquÃ©,Non communiquÃ©,Non communiquÃ©,Non communiquÃ©,Non communiquÃ©,Non,30,Gaz,Oui,Oui,Oui,Non,Non,Zone non inondable,"Zone d'habitat (rÃ©sidentiel, urbain ou rural)",295.000 â‚¬,Non,"Markt 20
2440 - Geel",40720 - NWB-21-DHE-0,,Ã€ la livraison,,,,,,,,,,,,,,,,,,,,,Oui,Sud-est,,,,,,,,,,,,,,,,,,,,,,,,,,,Oui,,,,,,,,,,,
108,2022,,3,,1,155 mÂ²,40 mÂ²,Ã‰quipÃ©e,3,1,2,Non,306 mÂ²,,,15 mÂ²,Non communiquÃ©,Non communiquÃ©,Non communiquÃ©,Non communiquÃ©,Non communiquÃ©,Non,30,Gaz,Oui,Oui,Oui,Non,Non,Zone non inondable,"Zone d'habitat (rÃ©sidentiel, urbain ou rural)",326.000 â‚¬,Non,"Markt 20
2440 - Geel",40721 - NWB-21-DHE-0,,Ã€ la livraison,,,,,,,,,,,,,,,,,,,,,Oui,Sud-est,,,,,,,,,,,,,,,,,,,,,,,,,,,Oui,,,,,,,,,,,
109,,,,,,,,Semi-Ã©quipÃ©e,3,1,,Non,,,,,443 kWh/mÂ²,E,20210426-0002406697-RES-1,Non communiquÃ©,Non communiquÃ©,Non,,Gaz,Oui,Oui,Non,Non,Non,Zone non inondable,"Zone d'habitat (rÃ©sidentiel, urbain ou rural)",239.000 â‚¬,Non,"Markt 20
2440 - Geel",38877 - GEE-21-SDP-0,,AprÃ¨s la signature de lâ€™acte,,,,,,,,,,,,,,,,,,,,,Oui,,,,,,,,,,,,,,,,,,,,,,,,,,,,,,,,,,,,,,,
110,1955,,4,,3,220 mÂ²,,,3,1,,,508 mÂ²,,,,687 kWh/mÂ²,F,Non communiquÃ©,Non communiquÃ©,Non communiquÃ©,,,,,Oui,Non,Non,Non,Zone non inondable,"Zone d'habitat (rÃ©sidentiel, urbain ou rural)",215.000 â‚¬,Non,"Kerkplein 1
2260 - Westerlo",4529665,,,,,,,,,,,,,,,,,,,,,,,,,,,,,,,,,,,,,,,,,,,,,,,,,,,,,,,,Oui,,,,,,
111,,,,,,,,,3,,,Non,947 mÂ²,32.18 m,,,Non communiquÃ©,Non communiquÃ©,Non communiquÃ©,Non communiquÃ©,Non communiquÃ©,,,,Non,,,,,,Autre type de zone,362.694 â‚¬,Non,"Avenue Paul Gilson, 49
1601 - Ruisbroek",9646,,,,,,,,,Non,,,Non,,,,,,,,,,,,,,,,,,,,,,,,,,Non,Non,,,,Non,,,,,,,,,,,,,,,,,,,
112,1951,,4,2,,160 mÂ²,,Semi-Ã©quipÃ©e,3,1,1,Non,1324 mÂ²,,,,596 kWh/mÂ²,F,20210908-0002461438-RES-1,Non communiquÃ©,Non communiquÃ©,Non,,Mazout,Oui,Oui,Non,Non,Non,Zone non inondable,"Zone d'habitat (rÃ©sidentiel, urbain ou rural)",275.000 â‚¬,Non,"De Heuvels 15
2430 - Laakdal",1088 - 1648,,,Bon,,,,,,,1,,,,,,,,,,,,,,Sud,,,,,,,,,,,,,,"Oui, conforme",,,,,,537 â‚¬,,,,,Oui,,Oui,,,,,,,,,,,
113,,,,1,,132 mÂ²,32 mÂ²,Ã‰quipÃ©e,3,,2,Non,900 mÂ²,,,,607 kWh/mÂ²,F,Non communiquÃ©,Non communiquÃ©,Non communiquÃ©,,,Mazout,,,,,,Zone non inondable,"Zone d'habitat (rÃ©sidentiel, urbain ou rural)",299.000 â‚¬,Non,"Statiestraat 47
2400 - Mol",,,Ã€ dÃ©finir,Bon,,16 mÂ²,13 mÂ²,10 mÂ²,10 mÂ²,Non,,,,,,,,,,,,,ConnectÃ©,Oui,Ouest,,,,,,,,,,,,,,,Non,,,,,,,,,,Oui,,Oui,,,,Oui,Oui,,,,,,
114,1930,,4,1,2,135 mÂ²,31 mÂ²,Hyper Ã©quipÃ©e,3,1,2,Non,479 mÂ²,,,,282 kWh/mÂ²,C,Non communiquÃ©,Non communiquÃ©,Non communiquÃ©,,,Gaz,Oui,Oui,Non,Non,Non,Zone non inondable,"Zone d'habitat (rÃ©sidentiel, urbain ou rural)",315.000 â‚¬,Non,"Markt 37
2450 - Meerhout",spir6090,,AprÃ¨s la signature de lâ€™acte,Excellent Ã©tat,,15 mÂ²,15 mÂ²,17 mÂ²,16 mÂ²,Non,1,,Oui,,,,,,,,,,,,Sud-ouest,,,,,,,,,,,,,,Non,Non,,,,Non,,,,,12 mÂ²,,,Oui,,,,,,,,,,,
115,1960,,4,2,3,168 mÂ²,30 mÂ²,AmÃ©ricaine semi-Ã©quipÃ©e,3,1,1,Non,1370 mÂ²,,1400 mÂ²,,612 kWh/mÂ²,F,20170522-0001962568-1,Non communiquÃ©,Non communiquÃ©,,,Mazout,Oui,Oui,Non,Non,Non,Zone non inondable,"Zone d'habitat (rÃ©sidentiel, urbain ou rural)",249.000 â‚¬,Non,"Markt 6
3980 - Tessenderlo",4405243,,AprÃ¨s la signature de lâ€™acte,Bon,Pays,16 mÂ²,9 mÂ²,14 mÂ²,18 mÂ²,,,,,,,,,,,,,,ConnectÃ©,Non,,,,,,,,,,,,,,,,,,,,,736 â‚¬,,,,,Oui,,,,,,Oui,Oui,,,,,,
116,1962,10.7 m,4,1,4,,29 mÂ²,Ã‰quipÃ©e,3,1,2,Non,2452 mÂ²,23 m,,,412 kWh/mÂ²,E,20210722-0002444417-RES-1,Non communiquÃ©,Non communiquÃ©,,,Gaz,Oui,Oui,Non,Non,Non,Zone non inondable,"Zone d'habitat (rÃ©sidentiel, urbain ou rural)",394.000 â‚¬,Non,"Markt 37
2450 - Meerhout",spir6081,,AprÃ¨s la signature de lâ€™acte,Excellent Ã©tat,Pays,19 mÂ²,16 mÂ²,12 mÂ²,9 mÂ²,Non,1,Oui,Non,,,,,,,,,,,,Sud-ouest,,,,,,,,,,,,,,Non,Non,,,,Non,,,,,,,,Oui,,,Oui,,,,,,,,
117,1957,,4,,,Oui,,,1,Non,,Non,ConnectÃ©,,,,F,20210824-0002455554-RES-1,Non communiquÃ©,Non communiquÃ©,644,,Mazout,Non,Non,,Non,Non,Zone non inondable,"Zone d'habitat (rÃ©sidentiel, urbain ou rural)",259.000 â‚¬,Non,"Stationstraat 125
2440 - Geel",,,,AprÃ¨s la signature de lâ€™acte,Bon,,,,,,,,,,,,,,1047 mÂ²,,,,,Oui,644 kWh/mÂ²,,,,,,,,,,,,,,,,Non,Non,Non,Oui,,,,,,,,,,154 mÂ²,,3,,,,,,,,
118,1963,,4,,,210 mÂ²,32 mÂ²,Ã‰quipÃ©e,4,1,2,Non,1052 mÂ²,,,,592 kWh/mÂ²,F,Non communiquÃ©,Non communiquÃ©,Non communiquÃ©,,,Mazout,Oui,Oui,Non,,,Zone non inondable,"Zone d'habitat (rÃ©sidentiel, urbain ou rural)",299.000 â‚¬,Non,"Markt 37
2450 - Meerhout",spir6053,,AprÃ¨s la signature de lâ€™acte,,,8 mÂ²,22 mÂ²,13 mÂ²,10 mÂ²,Non,,Oui,Oui,,58 mÂ²,,,,,,,,,,Sud-est,,,,,,,,,,,,,,Non,Non,,,,Non,,,,,12 mÂ²,,,Oui,,,Oui,,,,,,,,
119,1974,,4,1,,29 mÂ²,Semi-Ã©quipÃ©e,8 mÂ²,12 mÂ²,1,Oui,609 mÂ²,15 m,ConnectÃ©,,,F,20210515-0002414273-RES-1,Non communiquÃ©,Non communiquÃ©,Oui,,,,122 mÂ²,,,Non,Zone non inondable,"Zone d'habitat (rÃ©sidentiel, urbain ou rural)",255.000 â‚¬,565 â‚¬,"Sint Jobsstraat 3
2200 - Herentals",4405141,,,AprÃ¨s la signature de lâ€™acte,,Urbain,2,11 mÂ²,1,,,,,,,,,,,,,,,Non,527 kWh/mÂ²,,,,,,,,,,,,,,,,,,,,,Non,,,,,,Non,,117 mÂ²,,,Non,,,,,,,
120,1963,,2,,,170 mÂ²,,,3,1,,,390 mÂ²,,,,248 kWh/mÂ²,C,20210707-0002439158-RES-1,Non communiquÃ©,Non communiquÃ©,,,Gaz,Oui,Oui,Non,Non,Non,Zone non inondable,"Zone d'habitat (rÃ©sidentiel, urbain ou rural)",249.000 â‚¬,Non,"Pas 96/A
2440 - Geel",4242051,,,,,,,,,,,,,,,,,,,,,,,,,,,,,,,,,,,,,,,,,,,,560 â‚¬,,,,,,,,,,,,,,,,,,
121,1950,,4,,,,,,3,,,Non,,,,,591 kWh/mÂ²,F,20160920-0001896106-2,Non communiquÃ©,Non communiquÃ©,,,Gaz,Oui,,,Non,Non,Zone non inondable,"Zone d'habitat (rÃ©sidentiel, urbain ou rural)",235.000 â‚¬,Non,"Moenstraat 39
2450 - Meerhout",2021TK030,,,,,,,,,,,,Non,,,,,Non,,,,,Non connectÃ©,Non,,,,,,,,,,,,,,,,,,,,,743 â‚¬,,,,,,189 mÂ²,,,Oui,Oui,,,,,,,,
122,,,,,,124 mÂ²,,Ã‰quipÃ©e,3,1,1,,72 mÂ²,,,,1123 kWh/mÂ²,F,20210811-0002449767-RES1,Non communiquÃ©,Non communiquÃ©,,,,,,Non,Non,,Zone non inondable,,215.000 â‚¬,Non,"Antwerpseweg 8 Bus B
2440 - Geel",,,AprÃ¨s la signature de lâ€™acte,,,,,,,,,,,,,,,,,,,,,,,,,,,,,,,,,,,,,,,,,,532 â‚¬,,,,,Oui,,,,Oui,Oui,,,,,,Goedele QUANTEN,,
123,,,4,,,,,,3,1,1,Non,,,,,701 kWh/mÂ²,F,20101015-0000666027-00000001-1,Non communiquÃ©,Non communiquÃ©,,,Gaz,,Oui,Non,Non,Non,Zone non inondable,"Zone d'habitat (rÃ©sidentiel, urbain ou rural)",149.000 â‚¬,Non,"Pas 96/A
2440 - Geel",4151622,,,Ã€ rÃ©nover,,,,,,,,,,,,,,,,,,,,,,,,,,,,,,,,,,,,,,,,,,,,,,,,,,,,,,,,,,,
124,1995,,4,1,,456 mÂ²,26 mÂ²,Ã‰quipÃ©e,5,2,2,Non,4274 mÂ²,,,,203 kWh/mÂ²,C,2459927,Non communiquÃ©,Non communiquÃ©,Non,,,Oui,Oui,Non,Non,Non,Zone non inondable,Parc rÃ©sidentiel,785.000 â‚¬,Non,"Bredabaan 260
2930 - Brasschaat",7412 - TUR-21-AGH-06,,,Excellent Ã©tat,,30 mÂ²,25 mÂ²,24 mÂ²,17 mÂ²,,,,Oui,,,,,,,,,,,Oui,Est,,,,,,,Oui,,,,,,,,,,,,,,16 mÂ²,,,10 mÂ²,,,Oui,,,Oui,,,,,14 mÂ²,,,31 dÃ©cembre 2022 - 00:00
125,,,,,,,,,,,,,,,,,Non communiquÃ©,Non communiquÃ©,Non communiquÃ©,Non communiquÃ©,Non communiquÃ©,,,,,Oui,Oui,Non,Non,,,,Oui,"Grote Markt 10
2200 - HERENTALS",,,Ã€ la livraison,,,,,,,,,,,,,,,,,,,,,,,,,,,,,,,,,,,,,,,,,,,,,,,,,,,,,,,,,,,,
126,,,,,,,,,,,,,,,,,,,,,,,,,,,,,,,,,,,,,,,,,,,,,,,,,,,,,,,,,,,,,,,,,,,,,,,,,,,,,,,,,,,,,,,,,,,,,,,,,
127,1983,,4,4,,330 mÂ²,24 mÂ²,,3,1,1,Non,2005 mÂ²,,,,625 kWh/mÂ²,F,Non communiquÃ©,Non communiquÃ©,Non communiquÃ©,Non,,Ã‰lectrique,Oui,Oui,Non,Non,Non,Zone non inondable,Parc rÃ©sidentiel,529.000 â‚¬,Non,"Bredabaan 260
2930 - Brasschaat",39262 - TUR-21-AGH-0,,Ã€ dÃ©finir,,,14 mÂ²,15 mÂ²,9 mÂ²,9 mÂ²,,1,,Oui,,,,,,,,,,,,Sud,,,,,,,,,,,,,,,,,,,,,,,,10 mÂ²,Oui,,Oui,,,Oui,,Oui,,,,,,1 aoÃ»t 2022 - 00:00
128,2005,18 m,4,,3,507 mÂ²,55 mÂ²,Hyper Ã©quipÃ©e,4,1,3,Oui,2006 mÂ²,,2006 mÂ²,1 mÂ²,161 kWh/mÂ²,B,20210603-0002424104-RES-1,Non communiquÃ©,Non communiquÃ©,,,Gaz,Oui,Oui,Oui,,Non,,,995.000 â‚¬,Non,,,,Ã€ dÃ©finir,,,43 mÂ²,21 mÂ²,34 mÂ²,31 mÂ²,Oui,,Oui,Oui,Oui,,,Oui,Oui,Non,Non,Non,Non,ConnectÃ©,Oui,,,1,Non,Non,Non,Non,Oui,Non,Oui,Non,Non,Non,Oui,,Non,Non,Non,Non,,2.124 â‚¬,38 mÂ²,Villa,1,12 mÂ²,,,,,,Oui,Oui,,,,,,,
129,,9 m,3,,2,,,Ã‰quipÃ©e,3,2,2,Non,283 mÂ²,,1 mÂ²,1 mÂ²,259 kWh/mÂ²,C,20210814-0002451584-RES-1,Non communiquÃ©,Non communiquÃ©,,,Gaz,Oui,Oui,,Non,Non,Zone non inondable,"Zone d'habitat (rÃ©sidentiel, urbain ou rural)",378.000 â‚¬,Non,,,,AprÃ¨s la signature de lâ€™acte,Excellent Ã©tat,"Zone d'habitat (rÃ©sidentiel, urbain ou rural)",,,,,Non,,,Non,Non,,,Oui,Non,Oui,Non,Non,Oui,ConnectÃ©,Oui,Sud,Sud,,,,,,,,,,,,,"Oui, conforme",Non,Non,Non,Non,,,,,,,Oui,,,,,,Oui,,,,,,,
130,1990,17 m,4,1,4,,,Hyper Ã©quipÃ©e,4,2,3,Non,9135 mÂ²,,,,214 kWh/mÂ²,C,20210924-0002468314-RES-1,Non communiquÃ©,Non communiquÃ©,Non,,Mazout,Oui,Oui,,Non,Non,Zone non inondable,"Zone d'habitat (rÃ©sidentiel, urbain ou rural)",745.000 â‚¬,Non,"Pastoor Mellaertstraat 60
2220 - Heist-op-den-Berg",,,AprÃ¨s la signature de lâ€™acte,Excellent Ã©tat,Pays,,,,,Non,2,Oui,Non,,200 mÂ²,,,,,,,,,,,,,Non,Non,Oui,Non,Non,,Non,,,Non,,"Oui, conforme",Non,,,,Non,1.710 â‚¬,,,2,,,,,,,,,,,spir1158,,,,
131,1992,12 m,4,2,12,615 mÂ²,52 mÂ²,Hyper Ã©quipÃ©e,4,1,3,Non,3860 mÂ²,55 m,2500 mÂ²,30 mÂ²,182 kWh/mÂ²,B,2389632,Non communiquÃ©,Non communiquÃ©,,,Mazout,Oui,Oui,,Non,Non,Zone non inondable,Zone commerciale industrielle,625.000 â‚¬,Oui,"Napelsstraat 73/201
2000 - Antwerpen",,--2460--Kasterlee,AprÃ¨s la signature de lâ€™acte,Bon,BÃ©ton,18 mÂ²,20 mÂ²,12 mÂ²,12 mÂ²,,,,Oui,,,,,,,,,,ConnectÃ©,Oui,,,,,,,,,,,,,,,,,,,,,2.372 â‚¬,11 mÂ²,,,25 mÂ²,Oui,420 mÂ²,,,,Oui,Oui,,250 mÂ²,4341684,,,,
132,1960,,2,1,,261 mÂ²,,,3,1,2,Non,206 mÂ²,,,,341 kWh/mÂ²,D,20210804-0002448157-RES-1,Non communiquÃ©,Non communiquÃ©,Non,,,,Oui,,Non,,Zone non inondable,,249.000 â‚¬,Non,"Kempenlaan 32
2300 - Turnhout",36243 - TUR-21-KWO-0,,AprÃ¨s la signature de lâ€™acte,Bon,,,,,,,,,,,,,,,,,,,,Oui,,,,,,,,,,,,,,,,,,,,,634 â‚¬,,,,,,,,,,,,,,,,,,
133,1981,8.5 m,4,1,,206 mÂ²,36 mÂ²,Ã‰quipÃ©e,4,1,1,,4279 mÂ²,15 m,,,602 kWh/mÂ²,F,Non communiquÃ©,Non communiquÃ©,Non communiquÃ©,,,Ã‰lectrique,Oui,Oui,,Non,,Zone non inondable,"Zone d'habitat (rÃ©sidentiel, urbain ou rural)",449.000 â‚¬,Non,"BelgÃ¯elaan 4
2200 - Herentals",,,AprÃ¨s la signature de lâ€™acte,Bon,IsolÃ©,16 mÂ²,16 mÂ²,14 mÂ²,16 mÂ²,,,,,,,,,,,,,,ConnectÃ©,Non,,,,,,,,,,,,,,,,,,,,,927 â‚¬,16 mÂ²,,,,Oui,123 mÂ²,,,,,Oui,Oui,,4498011,,,,
134,,,3,1,2,245 mÂ²,,Ã‰quipÃ©e,3,1,2,Non,436 mÂ²,,,,678 kWh/mÂ²,F,Non communiquÃ©,Non communiquÃ©,Non communiquÃ©,"Oui, conforme",,Gaz,Oui,Oui,Non,,Non,,"Zone d'habitat (rÃ©sidentiel, urbain ou rural)",560.000 â‚¬,Non,"Kempenlaan 32
2300 - Turnhout",37131 - TUR-21-SSC-0,,Ã€ la livraison,,,,,,,,,,,,,,,,,,,,,,Est,,,,,,,,,,,,,,,,,,,,,,,,,,,Oui,,,,,,,,,,,
135,1968,,4,,4,207 mÂ²,,Ã‰quipÃ©e,4,2,2,Non,3300 mÂ²,,3000 mÂ²,20 mÂ²,379 kWh/mÂ²,D,Non communiquÃ©,Non communiquÃ©,Non communiquÃ©,,,Mazout,Oui,Oui,Oui,,,,,409.000 â‚¬,Non,"Kempenlaan 5
2300 - Turnhout",4519184,,,Bon,,16 mÂ²,15 mÂ²,15 mÂ²,16 mÂ²,,,,,,,,,,,,,,,,,,,,,,,,,,,,,,,,,,,,946 â‚¬,8 mÂ²,,,,,,,,,,,,,,,,,
136,,8 m,4,,,173 mÂ²,,,3,1,,Non,477 mÂ²,,,,546 kWh/mÂ²,F,Non communiquÃ©,Non communiquÃ©,Non communiquÃ©,,,Gaz,Oui,,,,,Zone non inondable,,339.000 â‚¬,Non,,,,Ã€ dÃ©finir,,Pays,,11 mÂ²,12 mÂ²,12 mÂ²,Non,,,Non,Non,,128 mÂ²,,Non,Non,Non,Non,Non,,Non,,,,,,,,,,,,,,,,Non,Non,Non,Non,,,,Toutes sortes,,,,,,,,,,,,,,,,
137,2007,,,2,,Oui,,,1,3,Non,Non,Non connectÃ©,,,,B,20210707-0002439168-RES-1,Non communiquÃ©,Non communiquÃ©,Oui,,,,Oui,Non,,Non,Zone non inondable,"Zone d'habitat (rÃ©sidentiel, urbain ou rural)",649.000 â‚¬,1.363 â‚¬,"PARKLAAN 46
2300 - Turnhout",04/13954,,,,Bon,Pays,,,,,,,,Non,,,,,5800 mÂ²,,,,,Non,Oui,188 kWh/mÂ²,,,,,,,,,,,,,,,,,,,,Non,,,,,,,Ouest,187 mÂ²,2,,,,,,,,,
138,1978,,,2,,Oui,,4,2,3,Non,Non,Non connectÃ©,,,,D,20210221-0002376442-RES-1,Non communiquÃ©,Non communiquÃ©,Mazout,,,Non,Oui,360 mÂ²,Non,Non,Zone non inondable,Autre type de zone,895.000 â‚¬,1.426 â‚¬,"PARKLAAN 46
2300 - Turnhout",04/13483,,,,,,,,,,,,,Non,,,,,Non,,,,,Non,Oui,Non,,,,Non,Non,Oui,Non,,Oui,,,303 kWh/mÂ²,,,,,,,,Non,,,,,,Non,Sud-est,419 mÂ²,Ã‰quipÃ©e,,,,,,,,,
139,,,3,,,450 mÂ²,,Ã‰quipÃ©e,3,,1,Non,420 mÂ²,,,,Non communiquÃ©,Non communiquÃ©,20140804_0001636950_00000001_2,Non communiquÃ©,Non communiquÃ©,,396,Mazout,Oui,,,,,Zone non inondable,,289.000 â‚¬,Non,,,,ImmÃ©diatement,Bon,,,,,,Non,1,Oui,Non,Non,,,,Non,Non,Non,Non,Non,,Oui,,,,Non,Non,Non,Non,Non,Non,Non,Non,Non,Non,Oui,"Oui, conforme",Non,Non,Non,Non,,1.000 â‚¬,,,1,,Oui,,,,Oui,Oui,Oui,,,,,,,
140,1846,,4,,,239 mÂ²,,,2,1,,Non,735 mÂ²,,,,1677 kWh/mÂ²,F,Certificaat-20210720-0002443855-RES-1.pdf,Non communiquÃ©,Non communiquÃ©,Non,,,,Oui,Non,Non,Non,Zone non inondable,Zone industrielle,279.000 â‚¬,Non,"Kempenlaan 32
2300 - Turnhout",41021 - TUR-21-KWO-0,,AprÃ¨s la signature de lâ€™acte,Ã€ rÃ©nover,,12 mÂ²,13 mÂ²,10 mÂ²,,,,,,,,,,,,,,,,,Sud,,,,,,,,,,,,,,,,,,,,,,,,,,,Oui,,,,,,,,,,,
141,,,,,,,,,,,,,,,,,Non communiquÃ©,Non communiquÃ©,Non communiquÃ©,Non communiquÃ©,Non communiquÃ©,,,,,Oui,Oui,Non,Non,Zone non inondable,,,Non,"Merksplassesteenweg 18
2310 - Rijkevorsel",,Hulst,,,,,,,,,,,,,,,,,,,,,,,,,,,,,,,,,,,,,,,,,,,,,,,,,,,,,,,,,,,,,
142,1986,,4,1,,207 mÂ²,42 mÂ²,,4,1,2,Non,945 mÂ²,,,,347 kWh/mÂ²,D,2473632,Non communiquÃ©,Non communiquÃ©,Non,,,Oui,Oui,Non,Non,Non,Zone non inondable,,469.000 â‚¬,Non,"Kempenlaan 32
2300 - Turnhout",38567 - TUR-21-KWO-0,,,Bon,"Zone d'habitat (rÃ©sidentiel, urbain ou rural)",14 mÂ²,18 mÂ²,13 mÂ²,,,,,,,,,,,,,,,,Oui,Est,,,,,,,,,,,,Oui,,,,,,,,,,,1,,,,Oui,,,,,Oui,,,,,,1 fÃ©vrier 2022 - 00:00
143,2022,16 m,4,,,,,Ã‰quipÃ©e,4,2,3,Non,2276 mÂ²,35 m,2000 mÂ²,,Non communiquÃ©,Non communiquÃ©,Non communiquÃ©,Non communiquÃ©,Non communiquÃ©,Non,,,Oui,,,,,,,676.000 â‚¬,Non,,,,,,,,,,,Oui,,Oui,Oui,Oui,,,,Non,Oui,Non,Non,Oui,,Oui,,,,,,,,,,,,,,,,Non,Non,Oui,Non,,,,,,,,,,,Oui,Oui,Oui,,,,,,,
144,,,,,,,,,3,,,Non,720 mÂ²,24 m,,,Non communiquÃ©,Non communiquÃ©,Non communiquÃ©,Non communiquÃ©,Non communiquÃ©,,,,Non,,,,,,Autre type de zone,402.694 â‚¬,Non,"Avenue Paul Gilson, 49
1601 - Ruisbroek",9719,,,,,,,,,Non,,,Non,,,,,,,,,,,,,,,,,,,,,,,,,,Non,Non,,,,Non,,,,,,,,,,,,,,,,,,,
145,1972,9 m,4,1,,216 mÂ²,33 mÂ²,Ã‰quipÃ©e,3,1,1,Non,870 mÂ²,15 m,500 mÂ²,20 mÂ²,457 kWh/mÂ²,E,Non communiquÃ©,Non communiquÃ©,Non communiquÃ©,Non,,Mazout,Oui,Oui,Non,Non,Non,Zone non inondable,"Zone d'habitat (rÃ©sidentiel, urbain ou rural)",329.500 â‚¬,Non,"Markt 30/1
2460 - Kasterlee",3001 - 446,,AprÃ¨s la signature de lâ€™acte,Bon,,,,,,,,,,,,,,,,,,,,,,,,,,,,,,,,,,,"Oui, conforme",,,,,,1.026 â‚¬,,,,,Oui,,,,,,,,,,,,,
146,1973,,4,1,,337 mÂ²,55 mÂ²,Hyper Ã©quipÃ©e,4,2,2,Non,2990 mÂ²,39 m,,,299 kWh/mÂ²,C,20210514,Non communiquÃ©,Non communiquÃ©,,,Mazout,,Oui,Non,Non,Non,Zone non inondable,"Zone d'habitat (rÃ©sidentiel, urbain ou rural)",549.500 â‚¬,Non,"Retiesebaan 3
2460 - Kasterlee",4520075,,Ã€ dÃ©finir,Excellent Ã©tat,Pays,,24 mÂ²,14 mÂ²,25 mÂ²,,,,,,,,,,,,,,,,,,,,,,,,,,,,,,,,,Oui,,,1.538 â‚¬,21 mÂ²,,,,,337 mÂ²,,,,,,Oui,,,,,,
147,1973,,4,1,,200 mÂ²,57 mÂ²,AmÃ©ricaine Ã©quipÃ©e,4,1,2,Non,613 mÂ²,20 m,,,418 kWh/mÂ²,E,2434936,Non communiquÃ©,Non communiquÃ©,,,Mazout,,Oui,Oui,Non,Non,Zone non inondable,"Zone d'habitat (rÃ©sidentiel, urbain ou rural)",359.000 â‚¬,Non,"Retiesebaan 3
2460 - Kasterlee",4489176,,,Ã€ rÃ©nover,,17 mÂ²,16 mÂ²,16 mÂ²,16 mÂ²,,,,,,,,,,,,,,,,,,,,,,,,,,,,,,,,,,,,852 â‚¬,16 mÂ²,,,,,,,,,,,Oui,,,,,,1 septembre 2021 - 00:00
148,1940,,3,,,,35 mÂ²,Ã‰quipÃ©e,2,1,1,Non,251 mÂ²,,,,394 kWh/mÂ²,D,202110915-0002464719-RES-1,Non communiquÃ©,Non communiquÃ©,,,Gaz,Oui,,Non,Non,Non,Zone non inondable,"Zone d'habitat (rÃ©sidentiel, urbain ou rural)",239.000 â‚¬,Non,"Zandhoef 4
2460 - Kasterlee",Lichtaart_Poederlees,,AprÃ¨s la signature de lâ€™acte,Excellent Ã©tat,,14 mÂ²,17 mÂ²,14 mÂ²,,Non,,,Non,,4 mÂ²,,,,,,,,,,,,,,,,,,,,,,,,Non,Non,,,,Non,,,,,,,,,,,,,,,,,,,
149,1936,,,1,3,210 mÂ²,55 mÂ²,Ã‰quipÃ©e,4,1,2,Non,880 mÂ²,,,,356 kWh/mÂ²,D,Non communiquÃ©,Non communiquÃ©,Non communiquÃ©,,,Mazout,Oui,Oui,Non,Non,Non,Zone non inondable,"Zone d'habitat (rÃ©sidentiel, urbain ou rural)",499.000 â‚¬,Non,"Stationsstraat 69
2440 - Geel",V&G/G/3502,,,Bon,,,16 mÂ²,13 mÂ²,8 mÂ²,,,,Non,,,,,Non,,,,,ConnectÃ©,Non,,,,,Non,Non,Non,Oui,,Non,,,Non,,,,,,,,,12 mÂ²,,,,Oui,,,,,Oui,,Oui,,,,,,
150,2001,20 m,4,2,2,Oui,,,2,Non,,2408 mÂ²,32 m,Oui,,,B,556717,Non communiquÃ©,Non communiquÃ©,Oui,,,,,Oui,Non,Non,Zone non inondable,"Zone d'habitat (rÃ©sidentiel, urbain ou rural)",795.000 â‚¬,2.027 â‚¬,"Grote Markt 22
2300 - Turnhout",3620854,,Herentals,Selon le locataire,,,,,,,,,,,,,,,,,,,,,,,,,,,,,,,,,,197 kWh/mÂ²,,,,,,,,Non,,,,,,,,347 mÂ²,7,,,Oui,,,,,,1 novembre 2022 - 00:00
151,1998,,4,2,2,,,,4,3,3,Non,1678 mÂ²,,,,314 kWh/mÂ²,D,20191010-0002204798-RES-1,Non communiquÃ©,Non communiquÃ©,,,Mazout,Oui,Oui,Non,Non,Non,Zone non inondable,Zone agricole,525.000 â‚¬,Non,"Grote Markt 7
2200 - Herentals",4193389,,Selon le locataire,Bon,,,30 mÂ²,22 mÂ²,20 mÂ²,,3,,,,,,,,,,,,,,,,,,,,Oui,,,,,,,,,,,,,,,20 mÂ²,,,,Oui,,,,,,Oui,Oui,,,,,,
152,1950,,4,,4,185 mÂ²,32 mÂ²,,4,1,1,Non,1794 mÂ²,26 m,1400 mÂ²,,906 kWh/mÂ²,F,20210712-0002440661-RES-1,Non communiquÃ©,Non communiquÃ©,,,Mazout,,Oui,Non,Non,Non,Zone non inondable,"Zone d'habitat (rÃ©sidentiel, urbain ou rural)",325.000 â‚¬,Non,"Grote Markt 7
2200 - Herentals",4350064,,Selon le locataire,,Urbain,15 mÂ²,16 mÂ²,16 mÂ²,16 mÂ²,,1,,Oui,,,,,,,,,,,,,,,,,,,,,,,,,,,,,,,,753 â‚¬,8 mÂ²,,,16 mÂ²,Oui,,,,,,Oui,,,,,,,
153,1976,,,1,3,137 mÂ²,35 mÂ²,,4,1,2,Non,641 mÂ²,,,,318 kWh/mÂ²,D,Non communiquÃ©,Non communiquÃ©,Non communiquÃ©,,,,Oui,Oui,,,Non,Zone non inondable,"Zone d'habitat (rÃ©sidentiel, urbain ou rural)",299.000 â‚¬,Non,"Stationsstraat 69
2440 - Geel",V&G/G/ 3520,,,Ã€ rafraÃ®chir,,9 mÂ²,10 mÂ²,12 mÂ²,18 mÂ²,,,,Non,,,,,Non,,,,,ConnectÃ©,Non,Sud-ouest,,,,,,,,,,,,,,,,,,,,,24 mÂ²,,,,,,Oui,,,,,Oui,,,,,,
154,1967,,3,,1,180 mÂ²,30 mÂ²,,3,1,1,,276 mÂ²,12 m,,7 mÂ²,658 kWh/mÂ²,F,20210804-0002448097-RES-1,Non communiquÃ©,Non communiquÃ©,,,,,Oui,Oui,Non,Non,Zone non inondable,"Zone d'habitat (rÃ©sidentiel, urbain ou rural)",289.000 â‚¬,Non,"Grote Markt 22
2300 - Turnhout",,,,,Urbain,22 mÂ²,15 mÂ²,14 mÂ²,14 mÂ²,,,,Oui,,12 mÂ²,48 mÂ²,,,,,,,,Non,,,,,,,,,,,,,,,,,,,,,,,,,6 mÂ²,,,,,,,,,,4433005,,,,
