,À partir de,Année de construction,État du bâtiment,Nombre de façades,Parkings intérieurs,Parkings extérieurs,Visite virtuelle,Surface habitable,Surface du salon,Type de cuisine,Surface de la cuisine,Chambres,Surface de la chambre 1,Surface de la chambre 2,Surface de la chambre 3,Salles de bains,Salles de douche,Toilettes,Cave,Grenier,Meublé,Surface du terrain,Raccordement à l'égout,"Eau, gaz & électricité",Surface du jardin,Surface de la terrasse,Consommation d'énergie primaire,Classe énergétique,Numéro du rapport PEB,Emission CO₂,Consommation théorique totale d'énergie primaire,Type de chauffage,Double vitrage,Prix,Revenu cadastral,Immeuble de rapport,Adresse,Largeur de la façade à rue,Type d’environnement,Surface de la chambre 4,Surface de l'espace professionnel,Largeur du terrain à rue,Terrasse,Type de zone inondable,Site internet,Surface de bureau,Bureau,Surface du grenier,Surface constructible totale au sol,Affectation urbanistique la plus récente sur la base des dénominations utilisées dans le registre des plans,Permis de bâtir obtenu,Autorisation de lotissement,Droit d'achat prioritaire possible,Procédure pour violation de la réglementation urbanistique,Quartier ou lieu-dit,Salle à manger,Ascenseur,Accessible aux personnes avec un handicap,Parlophone,Piscine,Dressing,Buanderie,Espace professionnel,Porte blindée,Terrain à front de rue,Terrain boisé,Terrain arrière,Terrain plat,Orientation du jardin,Orientation de la terrasse,Concierge,Accès sécurisé / alarme,Climatisation,Interphone vidéo,Jacuzzi,Sauna,Internet,Pompe à chaleur,Panneaux photovoltaïques,Panneaux solaires,Chauffe-eau commun,Type de construction,Disponible le,Jardin,Attestation as-built,Surface de la cave,Attestation de conformité des citernes à mazout,Bouquet,Rente mensuelle,Rente indexée,Rente réversible,Vente en nue propriété,Nombre de rentiers,Âge des rentiers,Durée maximale de la rente,Obligation de construire,Combien de feux ouverts ?,Isolé,Nombre d'annexes,Surface de la chambre 5,Nom du bien,Salon,Informations supplémentaires,Référence externe,Niveau E (performance énergétique globale),Charges mensuelles
0,Après la signature de l’acte,1960,Excellent état,2,2,2,150 m²,30 m²,Hyper équipée,12 m²,3,12 m²,14 m²,16 m²,1,1,2,Oui,Oui,Non,400 m²,Connecté,Non,90 m²,50 m²,635 kWh/m²,F,201009140000637653000000103,Non communiqué,Non communiqué,Mazout,Oui,245.000 €,396 €,Non,"Chaussée de Tirlemont 30
4520 - Wanze",4528872,,,,,,,,,,,,,,,,,,,,,,,,,,,,,,,,,,,,,,,,,,,,,,,,,,,,,,,,,,,,,,,,,,,,,
1,,,,,,,,,,,,,,,,,,,,,,,,,,,Non communiqué,Non communiqué,Non communiqué,Non communiqué,Non communiqué,,,,,Oui,"Trekschurenstraat 245
3500 - Hasselt",,,,,,,,,,,,,,,,,,,,,,,,,,,,,,,,,,,,,,,,,,,,,,,,,,,,,,,,,,,,,,,,,,,,,
2,Après la signature de l’acte,1900,À rafraîchir,2,1,2,,200 m²,40 m²,Semi-équipée,17 m²,4,19 m²,16 m²,14 m²,1,1,2,Oui,Oui,Non,647 m²,Connecté,Oui,,,321 kWh/m²,D,Non communiqué,Non communiqué,Non communiqué,Gaz,Oui,349.000 €,,Non,"Nieuwstraat 32b1
1730 - Asse",12.32 m,Urbain,13 m²,20 m²,12.32 m,Oui,Zone non inondable,4433493,,,,,,,,,,,,,,,,,,,,,,,,,,,,,,,,,,,,,,,,,,,,,,,,,,,,,,,,,,,,,
3,,1850,Bon,4,1,7,,190 m²,33 m²,Équipée,22 m²,3,22 m²,16 m²,15 m²,1,,2,,,Non,1612 m²,Non connecté,Oui,1458 m²,60 m²,266 kWh/m²,D,20210928009985,Non communiqué,63477 kWh/an,Mazout,Oui,350.000 €,845 €,Non,"116 boulevard d'Avroy
4000 - Liège",19 m,Isolé,,,28.65 m,,Zone non inondable,4518602,6 m²,Oui,27 m²,154 m²,"Zone d'habitat (résidentiel, urbain ou rural)",,,,,,,,,,,,,,,,,,,,,,,,,,,,,,,,,,,,,,,,,,,,,,,,,,,,,,,,
4,Après la signature de l’acte,1951,Bon,4,1,2,,132 m²,23 m²,Équipée,10 m²,3,12 m²,18 m²,18 m²,1,,2,,,Non,317 m²,Connecté,Oui,100 m²,,487 kWh/m²,E,2466368,Non communiqué,Non communiqué,Gaz,,389.000 €,1.056 €,Non,"Brusselbaan 110
1790 - Affligem",7 m,Urbain,,,13 m,Oui,Zone non inondable,4533983,,,,107 m²,"Zone d'habitat (résidentiel, urbain ou rural)",Oui,Non,Oui,Non,,,,,,,,,,,,,,,,,,,,,,,,,,,,,,,,,,,,,,,,,,,,,,,,,,,,
5,,,,,,,,,,,,,,,,,,,,,,,,,,,Non communiqué,Non communiqué,Non communiqué,Non communiqué,Non communiqué,,,,,Oui,"Korenmarkt 55
2800 - Mechelen",,,,,,,,,,,,,,Oui,Oui,Non,Non,,,,,,,,,,,,,,,,,,,,,,,,,,,,,,,,,,,,,,,,,,,,,,,,,,,,
6,À définir,,,,,,,,,,,,,,,,,,,,,,,,,,Non communiqué,Non communiqué,Non communiqué,Non communiqué,Non communiqué,,,,,Non,"Veemarkt 19
2800 - Mechelen",,,,,,,Zone non inondable,,,,,,,Oui,,,,,,,,,,,,,,,,,,,,,,,,,,,,,,,,,,,,,,,,,,,,,,,,,,,,,,,
7,Après la signature de l’acte,1937,Bon,2,1,,133 m²,30 m²,Oui,6 m²,3,15 m²,13 m²,20 m²,2,1,2,Oui,Oui,Non,105 m²,Connecté,Oui,45 m²,5 m²,Non,G,Non communiqué,76 kg CO₂/m²,Non communiqué,Gaz,549.000 €,,1.529 €,Non,"Avenue des Cerisiers, 212
1200 - Woluwe-St-Lambert",4528536,5.9 m,Isolé,,,,,,,,,,,,,,,,Bruxelles (19 communes),Hyper équipée,Non,Oui,Non,383 kWh/m²,,,,,,,,,,,,,,,,,,,,,,,,,,,,,,,,,,,,,,,,,,,,,,
8,Après la signature de l’acte,2000,Bon,4,1,3,,350 m²,43 m²,Hyper équipée,9 m²,2,17 m²,13 m²,,2,,2,,,Non,850 m²,Connecté,Oui,400 m²,24 m²,192 kWh/m²,C,20200210003019,36 kg CO₂/m²,60847 kWh/an,Gaz,Oui,695.000 €,3.299 €,Non,,11 m,"Zone d'habitat (résidentiel, urbain ou rural)",,110 m²,17 m,,Zone non inondable,,17 m²,Oui,70 m²,180 m²,Zone de récréation et de séjour,Oui,,Non,Non,,,Non,Oui,Oui,Non,Oui,Oui,Oui,Non,Oui,Non,Non,Non,Sud-est,Sud-est,Non,Oui,Non,Non,Non,Non,Oui,Non,Non,Non,Oui,Villa,,,,,,,,,,,,,,,,,,,,,,,,
9,À définir,1989,Bon,3,2,,,200 m²,,Semi-équipée,13 m²,3,13 m²,13 m²,13 m²,1,,2,Oui,Oui,Non,825 m²,Connecté,Oui,520 m²,,339 kWh/m²,D,20200915028538,83 kg CO₂/m²,83811 kWh/an,Mazout,,Faire offre à partir de 260.000 €,818 €,Non,"Chaussée Paul Houtart 232
7110 - Houdeng-Goegnies",,,,,,Oui,,4516807,,,,,,,,,,,,,,,,,,,,,,,,,,,,,,,,,,,,,,,,,,,,,,,,,,,,,,,,,,,,,
10,,1930,Bon,3,,,,120 m²,,Équipée,,2,,,,1,,1,,,Non,164 m²,,,,,163 kWh/m²,B,Non communiqué,Non communiqué,Non communiqué,Gaz,Oui,298.000 €,514 €,Non,"Roterijstraat, 202
8793 - Waregem",,,,,,Oui,,13479 - 3614,,,,,,,,,,,,,,,,,,,,,,,,Sud,,,,,,,,,,,,,,15 mai 2022 - 00:00,Oui,Non,,,,,,,,,,,,,,,,,,,,,
11,,1930,Bon,3,,,,120 m²,,Équipée,,2,,,,1,,1,,,Non,164 m²,,,,,163 kWh/m²,B,Non communiqué,Non communiqué,Non communiqué,Gaz,Oui,298.000 €,514 €,Non,"Roterijstraat, 202
8793 - Waregem",,,,,,Oui,,13478 - 3613,,,,,,,,,,,,,,,,,,,,,,,,Sud,,,,,,,,,,,,,,15 mai 2022 - 00:00,Oui,Non,,,,,,,,,,,,,,,,,,,,,
12,Après la signature de l’acte,1957,Bon,4,3,,,407 m²,,Équipée,24 m²,4,23 m²,20 m²,18 m²,4,,2,,,Non,21451 m²,,,,,278 kWh/m²,C,20190211-0002131443-RES-1,Non communiqué,Non communiqué,Mazout,,795.000 €,2.473 €,Non,"Grote Markt 35
9600 - Ronse",,,,,,Oui,Bien immobilier situé tout ou en partie dans une zone inondable délimitée,13518 - VK 3659,,,,,Zone d'intérêt paysager,,,Non,,,,,,,,,,,,,,,,,,,,,,,,,,,,,,,,Non,21 m²,"Oui, conforme",,,,,,,,,,,,,,,,,,,
13,Après la signature de l’acte,1850,Bon,2,1,2,,130 m²,12 m²,Équipée,12 m²,3,11 m²,12 m²,15 m²,1,,2,,,Non,229 m²,Connecté,Non,75 m²,20 m²,302 kWh/m²,D,20210927004204,8 kg CO₂/m²,40067 kWh/an,Pellets,Oui,209.000 €,384 €,Non,"Faubourg d'Arival 16
6760 - Virton",7 m,Pays,,,7 m,,,4496707,,,,,,,,,,Zone Sud Province du Luxembourg,Oui,,,,,,,,,,,,,,,,,,,,,,,,,,,,,,,,,,,,,,,,,,,,,,,,,,
14,,1990,Bon,4,2,4,,90 m²,29 m²,Équipée,15 m²,1,15 m²,,,1,,1,Oui,Oui,,491 m²,,,,,432 kWh/m²,F,20180530001886,Non communiqué,Non communiqué,Mazout,Oui,,1.128 €,Non,"Specialiste Viager Wallonie
1410 - Waterloo",11 m,"Zone d'habitat (résidentiel, urbain ou rural)",,,,,,,,,,,,,,,,,,,,,,,,,,,,,,,,,,,,,,,,Oui,,,,,,,,,40.000 €,280 €,Oui,Oui,Oui,2,"62, 67",20 ans maximum,,,,,,,,,,,
15,À définir,2017,Excellent état,3,1,4,230 m²,31 m²,Américaine hyper-équipée,14 m²,4,16 m²,14 m²,11 m²,31 m²,3,,62 m²,,,473 m²,Connecté,Oui,235 m²,Oui,,B,20160604001634,22 kg CO₂/m²,239369 kWh/an,Gaz,Oui,,1.420 €,Non,"Chaussée Napoléon 3
4500 - Huy",4527869,8.2 m,Isolé,2,,,113 kWh/m²,,,,,Non,,Faire offre à partir de 319.000 €,Non,"Zone d'habitat (résidentiel, urbain ou rural)",,,,,,,,,,,,,,,,,,,,,,,,,,,,Oui,,,1 décembre 2021 - 00:00,,,11 m²,,,,,,,,,,,,,,,,,,,,
16,,,,,,,,,,,,,,,,,,,,,,,,,,,Non communiqué,Non communiqué,Non communiqué,Non communiqué,Non communiqué,,,,,Non,"Brusselsesteenweg 690
9050 - Gentbrugge",,,,,,,Zone non inondable,PR21005,,,,,,Oui,Non,Non,,,,,,,,,,,,,,,,,,,,,,,,,,,,,,,,,,,,,,,,,,,Non,,,,,,,,,,
17,Après la signature de l’acte,1993,Bon,4,1,3,,165 m²,34 m²,Hyper équipée,14 m²,3,17 m²,20 m²,14 m²,2,,2,,,Non,586 m²,Connecté,Oui,300 m²,36 m²,331 kWh/m²,D,20210826006490,Non communiqué,54114 kWh/an,Électrique,Oui,350.000 €,1.390 €,Non,,11 m,Aménagé,,,,,Zone non inondable,,,Non,16 m²,140 m²,"Zone d'habitat (résidentiel, urbain ou rural)",Oui,Oui,,,,Oui,Non,Oui,Non,Non,Non,Oui,Non,Non,Non,Non,Non,Oui,Sud-ouest,Sud-ouest,Non,Oui,Non,Non,Non,Non,Oui,Non,Non,Non,Non,Villa,,,,,,,,,,,,,,,1,Oui,1,,,,,,,
18,Selon le locataire,1967,Excellent état,2,1,,,485 m²,55 m²,Hyper équipée,12 m²,6,21 m²,18 m²,18 m²,3,,4,Oui,Oui,Non,251 m²,Connecté,Non,,16 m²,524 kWh/m²,G,20180831-0000534375-01-7,138 kg CO₂/m²,Non communiqué,Mazout,Oui,990.000 €,5.334 €,Non,"Val des Seigneurs, 9a
1150 - Woluwe-St-Pierre",12.6 m,"Zone d'habitat (résidentiel, urbain ou rural)",14 m²,120 m²,12.6 m,,Zone non inondable,4368708,19 m²,Oui,,143 m²,,,Oui,Oui,,Est de Bruxelles + VL,,,,,,,,,,,,,,,,,,,,,,,,,Oui,,,30 octobre 2000 - 00:00,,,,,,,,,,,,,,,,,14 m²,,,,,,
19,À définir,1981,Bon,3,,1,,175 m²,,Équipée,15 m²,3,19 m²,15 m²,23 m²,2,,2,Oui,Oui,Non,165 m²,Connecté,Oui,,54 m²,305 kWh/m²,D,20210929006904,59 kg CO₂/m²,59872 kWh/an,Gaz,,Faire offre à partir de 195.000 €,535 €,Non,"Chaussée Paul Houtart 232
7110 - Houdeng-Goegnies",,,,,,,,4453808,,,,,,,,,,,,Non,Non,Oui,Non,,,,,,,,,,,,Oui,,Oui,,,,,,,,,,,,,,,,,,,,,,,,,,,,,,,,
20,Après la signature de l’acte,1975,Excellent état,2,1,2,134 m²,24 m²,Hyper équipée,8 m²,2,11 m²,11 m²,1,,1,,1 m²,,,226 m²,Connecté,Oui,69 m²,Non,,C,20211005-0002472789-RES-1,Non communiqué,Non communiqué,"Oui, conforme",Oui,Oui,426 €,Non,"Hoogstraat 5
2800 - Mechelen",4514533,,"Zone d'habitat (résidentiel, urbain ou rural)",,,,,"Zone d'habitat (résidentiel, urbain ou rural)",,,,Non,,365.000 €,Non,Non,Non,Zone non inondable,,,Oui,Non,,229 kWh/m²,,,,,,,,,,,,,,,,,,,,,,,,,,41 m²,Mazout,,,,,,,,,,,,,,,,,,,
21,Après la signature de l’acte,1907,À rafraîchir,2,,,,220 m²,20 m²,Pas équipée,9 m²,4,14 m²,14 m²,14 m²,4,4,4,Oui,,Non,65 m²,Connecté,Oui,,8 m²,326 kWh/m²,F,Non communiqué,65 kg CO₂/m²,Non communiqué,Gaz,Oui,450.000 €,,Oui,"Avenue d'Auderghem, 277
1040 - Etterbeek",5 m,Isolé,12 m²,,,,,4531338,,,,,"Zone d'habitat (résidentiel, urbain ou rural)",Oui,Oui,,Non,,,Non,Non,Oui,Non,,,,,,,,,,,,,,,,,,,,,,,,,,,,,,,,,,,,,,,,,,,,,,
22,Après la signature de l’acte,1965,Excellent état,2,1,1,,230 m²,40 m²,Hyper équipée,10 m²,4,35 m²,16 m²,14 m²,2,2,3,Oui,,Non,206 m²,Connecté,Oui,100 m²,35 m²,214 kWh/m²,E,Non communiqué,46 kg CO₂/m²,Non communiqué,Gaz,Oui,849.000 €,,Non,"avenue Brugmann 63
1190 - Forest",7 m,Isolé,13 m²,,7 m,,,4531126,,,,230 m²,,,,,,Bruxelles (19 communes),Oui,Non,Non,Oui,Non,,,,,,,,,,,,,,,,,,,,,,,1 février 2022 - 00:00,,,,,,,,,,,,,,,,,,,,,,,
23,Après la signature de l’acte,1970,À rafraîchir,4,1,2,115 m²,27 m²,Pas équipée,10 m²,3,16 m²,15 m²,13 m²,1,1,1,Oui,425 m²,,,14 m,Non,300 m²,16 m²,553 kWh/m²,G,20211002002708,Non communiqué,63334 kWh/an,Mazout,Oui,95 m²,830 €,Non,"Emile Mathieu 23
7333 - Tertre",4533470,7 m,"Zone d'habitat (résidentiel, urbain ou rural)",,,Connecté,,200.000 €,,,,,Zone non inondable,,,,,,,,,,,,,,,,,,,,,,,,,,,,,,,,,,,,,,,,,,,,,,,,,,,,,,,,,
24,Après la signature de l’acte,1951,Bon,4,1,2,,132 m²,23 m²,Équipée,10 m²,3,12 m²,18 m²,18 m²,1,,2,,,Non,317 m²,Connecté,Oui,100 m²,,487 kWh/m²,E,2466368,Non communiqué,Non communiqué,Gaz,,389.000 €,1.056 €,Non,"Brusselbaan 110
1790 - Affligem",7 m,Urbain,,,13 m,Oui,Zone non inondable,4507515,,,,107 m²,"Zone d'habitat (résidentiel, urbain ou rural)",Oui,Non,Oui,Non,,,,,,,,,,,,,,,,,,,,,,,,,,,,,,,,,,,,,,,,,,,,,,,,,,,,
25,Après la signature de l’acte,1975,Bon,4,1,2,,223 m²,,Hyper équipée,,3,,,,1,1,2,,Oui,Non,578 m²,Connecté,Oui,457 m²,,297 kWh/m²,C,20210314-0002387189-RES-1,Non communiqué,Non communiqué,Gaz,Oui,425.000 €,941 €,Non,"Meeuwenlaan 30
8434 - Westende",15 m,Urbain,,,23 m,Oui,Zone non inondable,4533900,,,,120 m²,,Oui,Oui,Non,,Middelkerke,,,,,,,,,,,,,,,,,,,,,,,,,,,,,,Non,,,,,,,,,,,,,,,,,,,,,
26,À définir,1890,À rafraîchir,3,,,,175 m²,30 m²,Semi-équipée,12 m²,4,25 m²,24 m²,18 m²,2,2,3,,,Non,920 m²,,,400 m²,,355 kWh/m²,E,20210908027886,65 kg CO₂/m²,48904 kWh/an,Gaz,,195.000 €,,Non,"Grand rue 191
4870 - Trooz",,Urbain,13 m²,,,Oui,,4528918,,,,,,,,,,Grand Liège,Oui,,,,,,,,,,,,,,,,,,,,,,,,,,,1 février 2022 - 00:00,,,,,,,,,,,,,,,,,,,,,,,
27,Après la signature de l’acte,1960,À rénover,3,1,1,,165 m²,36 m²,Pas équipée,12 m²,3,15 m²,16 m²,12 m²,1,,2,,,Non,436 m²,Connecté,Oui,360 m²,10 m²,Non communiqué,G,201232802,Non communiqué,Non communiqué,Gaz,,199.000 €,1.132 €,,"44, Place Albert 1er
6061 - Montignies-sur-Sambre",5 m,"Zone d'habitat (résidentiel, urbain ou rural)",,,9 m,,Zone non inondable,,,,30 m²,,"Zone d'habitat (résidentiel, urbain ou rural)",,,,Non,,,,,,,,Oui,,,,Oui,,,Sud,Sud,,,,,,,,,,,,,,,,60 m²,Non,,,,,,,,,,1,,,,GRANDS LACS,,,,,
28,Après la signature de l’acte,1910,À rafraîchir,2,,,,550 m²,36 m²,Équipée,15 m²,3,18 m²,14 m²,13 m²,1,1,2,,,Non,845 m²,,,350 m²,70 m²,355 kWh/m²,E,20210908027886,65 kg CO₂/m²,48904 kWh/an,Gaz,Oui,230.000 €,,Oui,"Grand rue 191
4870 - Trooz",,Urbain,,300 m²,,,,4528986,10 m²,Oui,,,,,,,,Grand Liège,,,,,,,,,,,,,,,,,,,,,,,,,,,,1 février 2022 - 00:00,,,,,,,,,,,,,,,,,,,,,,,
29,Après la signature de l’acte,1994,Excellent état,4,2,3,,60 m²,30 m²,Américaine équipée,,2,,,,1,1,1,Oui,,Oui,970 m²,,Oui,970 m²,25 m²,440 kWh/m²,F,20210917001902,1000 kg CO₂/m²,22433 kWh/an,Gaz,Oui,229.000 €,344 €,Non,"Begijnenweide 55
9860 - Oosterzele Scheldewindeke",8 m,,,,21 m,,Zone non inondable,84 - 1346,,,,,Zone résidentielle récréative,Oui,Oui,Non,Non,,,,,,,,,,,,,,,,,,,,,,,,,,,,,,,Non,,,,,,,,,,,,,,,,Les Mignées,,,,,
30,Après la signature de l’acte,1993,Fraîchement rénové,4,,,,216 m²,17 m²,Équipée,15 m²,4,15 m²,15 m²,16 m²,1,1,1,,,Non,999 m²,,Non,800 m²,48 m²,193 kWh/m²,C,20210826002247,46 kg CO₂/m²,Non communiqué,Mazout,Oui,365.000 €,1.375 €,Non,,12 m,Pays,15 m²,,18 m,,Zone non inondable,,,Non,15 m²,,,,,,,,Oui,Non,Non,Non,Non,Non,Oui,Non,Non,Non,Non,Non,Non,Sud,Sud,Non,Oui,Non,Non,Non,Non,Non,Non,Oui,Non,Oui,Toutes sortes,,,,50 m²,,,,,,,,,,,1,,,,,,,,,
31,Après la signature de l’acte,1937,À rénover,4,1,2,,115 m²,30 m²,Semi-équipée,12 m²,3,15 m²,13 m²,9 m²,1,1,1,Oui,,Non,637 m²,,Non,500 m²,10 m²,650 kWh/m²,G,20211005005151,161 kg CO₂/m²,88845 kWh/an,Mazout,,189.000 €,562 €,Non,"Grand rue 191
4870 - Trooz",,Isolé,,,,,,4520945,9 m²,Oui,,,,,,,,,,,,,,,,,,,,,,,,,,,,,,,,,,,,1 octobre 2021 - 00:00,,,,,,,,,,,,,,,,,,,,,,,
32,,,,,,,,,,,,,,,,,,,,,,,,,,,Non communiqué,Non communiqué,Non communiqué,Non communiqué,Non communiqué,,,,,Oui,"Rue de la Besace, 14
6852 - Our-Paliseul",,,,,,,,,,,,,,,,,,,,,,,,,,,,,,,,,,,,,,,,,,,,,,,,,,,,,,,,,,,,,,,,,,,,,
33,Après la signature de l’acte,1874,Bon,2,,,,150 m²,,Équipée,,4,16 m²,16 m²,15 m²,1,,2,,,Non,70 m²,,,,,180 kWh/m²,B,Non communiqué,Non communiqué,Non communiqué,Gaz,Oui,194.500 €,391 €,Non,"Roterijstraat, 202
8793 - Waregem",,,8 m²,,,Oui,Zone non inondable,13411 - VK 3561,,,,,,,,,,,,,,,,,,,,,,,,,,,,,,,,,,,,,,,,Non,20 m²,,,,,,,,,,,,,,,,,,,,
34,Après la signature de l’acte,1950,Bon,2,,,,180 m²,,Équipée,,4,19 m²,18 m²,24 m²,1,1,1,Oui,Oui,Non,348 m²,Connecté,Oui,300 m²,25 m²,261 kWh/m²,D,20210621033380,47 kg CO₂/m²,58603 kWh/an,Gaz,Oui,Faire offre à partir de 215.000 €,428 €,Non,"Place Communale 18
6230 - Pont-à-Celles",,Urbain,18 m²,,,,Zone non inondable,4516483,,,,,"Zone d'habitat (résidentiel, urbain ou rural)",,,,Non,,,,,,,,,,,,,,,,,,,,,,,,,,,,,5 juillet 2021 - 00:00,,,,,,,,,,,,,,,,,,,Oui,,,,
35,Après la signature de l’acte,1874,Bon,4,4,3,,236 m²,,Équipée,,4,,,,1,1,2,,,Non,1416 m²,Connecté,,,,268 kWh/m²,D,20201005004646,66 kg CO₂/m²,63397 kWh/an,Mazout,,380.000 €,713 €,Non,"Route de Marche 143
6600 - Bastogne",,Pays,,,,Oui,,4527204,,,,,,,,,,BASTOGNE,,Non,Non,,Non,,,,,,,,,,,,Oui,,,,,,,,,,,,,,,,,,,,,,,,,,,,,,,,,,
36,Après la signature de l’acte,1960,Fraîchement rénové,3,1,1,90 m²,30 m²,Hyper équipée,6 m²,3,15 m²,13 m²,9 m²,1,1,1,7 m²,Non,,186 m²,Connecté,Oui,100 m²,15 m²,Non,E,20181116-0002108484-1,Non communiqué,Non communiqué,Gaz,Oui,186 m²,1.063 €,Non,"Avenue Louise 433
1050 - Bruxelles",4500139,,Isolé,,,,,"Zone d'habitat (résidentiel, urbain ou rural)",,Oui,Oui,,Non,469.000 €,,,Non,Zone non inondable,,,Non,Oui,,430 kWh/m²,,,,,,,,,,,,Non,,,,,,,,,,,,,,,,,,,,,,,,,,,,,,,,,,
37,À définir,1961,Excellent état,2,,,,221 m²,34 m²,Équipée,14 m²,4,10 m²,12 m²,23 m²,1,,2,,,Non,386 m²,Connecté,Oui,240 m²,21 m²,Non communiqué,E,Non communiqué,Non communiqué,Non communiqué,Mazout,Oui,290.000 €,1.315 €,Non,,8 m,"Zone d'habitat (résidentiel, urbain ou rural)",12 m²,,,,,,,Non,,,,Oui,Oui,,,,Oui,Non,Non,Non,Non,Non,Oui,Non,Non,Non,Non,Oui,Oui,Sud,Sud,Non,Non,Non,Non,Non,Non,Oui,Non,Non,Non,Oui,,,,,35 m²,"Oui, conforme",,,,,,,,,,,,,,,,division cadastrale 62314 Herstal 4 div,,,
38,Après la signature de l’acte,1950,Bon,3,,,,150 m²,40 m²,Équipée,16 m²,3,15 m²,8 m²,20 m²,1,1,2,Oui,Oui,Non,210 m²,Connecté,Oui,75 m²,10 m²,320 kWh/m²,D,20161219020632,59 kg CO₂/m²,85094 kWh/an,Gaz,Oui,Faire offre à partir de 149.000 €,580 €,Non,"Place Communale 18
6230 - Pont-à-Celles",6 m,Urbain,,,6 m,,Zone non inondable,4527864,,,,70 m²,"Zone d'habitat (résidentiel, urbain ou rural)",,,,,,,,,,,,,,,,,,,,,,,,,,,,,,,,,1 octobre 2021 - 00:00,,,,,,,,,,,,,,,,,,,,,,,
39,,1984,Bon,3,1,3,,223 m²,32 m²,Équipée,12 m²,3,14 m²,14 m²,13 m²,1,,1,,,Non,750 m²,,Oui,462 m²,30 m²,495 kWh/m²,E,Certificaat-20210901-0002458717-RES-1.pdf,Non communiqué,Non communiqué,Électrique,Oui,449.000 €,1.152 €,Non,"James Ensorlaan 39
1800 - Vilvoorde",8 m,"Zone d'habitat (résidentiel, urbain ou rural)",,,14 m,,Zone d'inondation reconnue,1979842 - 1359,15 m²,Oui,,,"Zone d'habitat (résidentiel, urbain ou rural)",Oui,Oui,Non,,,Oui,,,,,,,,,,,,,Sud-ouest,,,,,,,,,,,,,,1 mars 2022 - 00:00,,Non,,,,,,,,,,,,,,,,,,,,,
40,Selon le locataire,1965,À rafraîchir,3,,,700 m²,Semi-équipée,,10,,7,,,,9,,100 m²,,,602 m²,Connecté,Oui,200 m²,60 m²,204 kWh/m²,D,Non communiqué,40 kg CO₂/m²,Non communiqué,Gaz,Oui,999.000 €,6.685 €,Oui,"Av.de la Brise 46
1020 - Bruxelles",4270883,15 m,"Zone d'habitat (résidentiel, urbain ou rural)",,Non,,,,,,,,,,,,,,,,,,,,,,,,,,,,,,,,,,,,,,,,,,,,,,,,,,,,,,,,,,,,,,,,,
41,Après la signature de l’acte,1967,À rafraîchir,3,1,1,,102 m²,303 m²,Semi-équipée,105 m²,3,177 m²,12 m²,107 m²,1,1,2,Oui,,Non,440 m²,Connecté,Oui,260 m²,21 m²,406 kWh/m²,E,202109280224107-,101 kg CO₂/m²,51847 kWh/an,Gaz,Oui,255.000 €,1.177 €,Non,"Grand rue 191
4870 - Trooz",,"Zone d'habitat (résidentiel, urbain ou rural)",,,11 m,,Zone non inondable,4518956,,,,,"Zone d'habitat (résidentiel, urbain ou rural)",,Non,Non,Non,Grand Liège,,,,,,,,,,,,,,,,,,,,,,,,,,,,30 septembre 2021 - 00:00,,,,,,,,,,,,,,,,,,,,,,,
42,Immédiatement,1995,À rafraîchir,4,2,15,,300 m²,,Semi-équipée,,5,,,,1,1,2,Oui,,Non,5000 m²,Connecté,Oui,3500 m²,100 m²,317 kWh/m²,D,20211002003261,Non communiqué,127083 kWh/an,Mazout,Oui,1.250.000 €,3.129 €,Non,,,Pays,,,,,Zone non inondable,,,Oui,,,,Oui,,,Non,,Oui,Non,Non,Oui,Non,Non,,Oui,Non,Non,Non,Oui,Oui,Sud,,Non,Oui,Non,Non,Non,Non,Non,Non,Non,Non,Oui,Toutes sortes,,,,,,,,,,,,,,,1,,,,,Oui,,,,
43,,1950,Bon,2,1,1,,140 m²,25 m²,Semi-équipée,11 m²,3,20 m²,15 m²,10 m²,1,,1,Oui,,Non,227 m²,,Oui,182 m²,8 m²,306 kWh/m²,D,20210928024520,55 kg CO₂/m²,41138 kWh/an,Gaz,Oui,230.000 €,1.088 €,Non,"Rue Pierre Henvard 2
4053 - Embourg",6 m,Urbain,,,6 m,,,1097 - 2108,,,,,,,,,,,,,,,,,,,,Non,,,,Ouest,,,,,Oui,,,,,,,,,,,Non,,Non,,,,,,,,,,,,,,,,,,,
44,Après la signature de l’acte,1955,À rénover,3,1,1,,224 m²,31 m²,Semi-équipée,12 m²,3,18 m²,16 m²,16 m²,2,,2,Oui,,Non,245 m²,,Oui,92 m²,,608 kWh/m²,F,20210413-0002400954-RES-1,Non communiqué,Non communiqué,Gaz,Oui,260.000 €,649 €,Non,"Dr. Persoonslaan 15 b
2830 - Willebroek",6 m,,,,8 m,,Zone non inondable,16682 - 3111TK,,,,,"Zone d'habitat (résidentiel, urbain ou rural)",,,,,,Oui,,,,,,,,,,,,,Est,,,,,,,,,,,,,,,,Non,,,,,,,,,,,,1,,,,,,,,,
45,Après la signature de l’acte,1950,À rafraîchir,4,1,4,,120 m²,,Équipée,7 m²,2,21 m²,10 m²,,1,,1,,,Non,623 m²,,,,22 m²,602 kWh/m²,G,20210929019317,149 kg CO₂/m²,Non communiqué,Mazout,Oui,325.000 €,1.232 €,Non,"Avenue Général Mellier 20
5030 - Gembloux",,Pays,,,,,,spir1997,,Non,17 m²,,Zone d'extension d'habitat,,,,,,Oui,,,,,Non,Oui,,,,,,,Sud,,,,,,,,,Non,,,,,,Oui,,,"Oui, conforme",,,,,,,,,Non,,,,,,Oui,,,,
46,Après la signature de l’acte,1938,À rafraîchir,2,,,240 m²,26 m²,Oui,10 m²,3,15 m²,25 m²,20 m²,1,1,,43 m²,,,,5 m,Oui,18 m²,,204 kWh/m²,C,2466648-RES-1,Non communiqué,Non communiqué,Gaz,75 m²,,1.227 €,Non,"Dorpsstraat 57
3050 - Oud-Heverlee",4490837,5 m,Urbain,,,Connecté,,"Zone d'habitat (résidentiel, urbain ou rural)",,,,36 m²,Non,595.000 €,,Non,Non,Zone non inondable,,Américaine hyper-équipée,,,,,,,,,,,,,,,,,,,,,,,,,,,,,,40 m²,,,,,,,,,,,,,,,,,,,,
47,Après la signature de l’acte,1925,Bon,2,,,,172 m²,25 m²,Équipée,4 m²,5,10 m²,7 m²,17 m²,2,2,3,Oui,,Non,100 m²,Connecté,Oui,27 m²,7 m²,542 kWh/m²,G,20210830-TEST,89 kg CO₂/m²,Non communiqué,Gaz,Oui,665.000 €,944 €,Non,"Chaussée de Waterloo 276
1060 - Saint-Gilles",,Urbain,10 m²,,4.5 m,,Zone non inondable,,,,,100 m²,"Zone d'habitat (résidentiel, urbain ou rural)",,Non,Non,Non,,Oui,Non,Non,Oui,Non,,,,,,,,,,,,,,,,,,,,,,,1 janvier 2022 - 00:00,,Non,,,,,,,,,,,,,,,17 m²,,,,4519301,,
48,À définir,1911,Bon,2,2,,,325 m²,17 m²,Américaine équipée,32 m²,5,16 m²,18 m²,12 m²,1,,2,,,Non,105 m²,Connecté,Oui,,100 m²,497 kWh/m²,G,20161010-0000353112-01-3,107 kg CO₂/m²,Non communiqué,Gaz,Oui,850.000 €,2.260 €,Non,,,Urbain,19 m²,,,,,,16 m²,Oui,,,,,,,,,Oui,Non,Non,Oui,Non,Non,Oui,Oui,Non,Non,Non,Non,Non,,Est,Non,Oui,Non,Non,Non,Non,Non,Non,Non,Non,Oui,Toutes sortes,,,,40 m²,,,,,,,,,,,,,,14 m²,,,,,,
49,Après la signature de l’acte,1977,Excellent état,4,4,11,,650 m²,90 m²,Américaine hyper-équipée,28 m²,6,34 m²,34 m²,34 m²,3,3,7,Oui,,Non,2168 m²,Connecté,Oui,,26 m²,146 kWh/m²,B,2016129018898,Non communiqué,131883 kWh/an,Gaz,Oui,1.570.000 €,9.280 €,Oui,"16 rue Bois Lionnet
1380 - Lasne",,,50 m²,270 m²,22.46 m,,Zone non inondable,4529780,235 m²,Oui,,270 m²,"Zone d'habitat (résidentiel, urbain ou rural)",,,Non,,Brabant Wallon,,,,Oui,,,,,,,,,,,,,Oui,,Oui,,,,,,Oui,,,,,,,,,,,,,,,,,,,,15 m²,,,,,,
50,Après la signature de l’acte,1974,Bon,4,1,,,215 m²,,Équipée,,3,14 m²,9 m²,9 m²,2,,2,Oui,,Oui,1070 m²,,,,,363 kWh/m²,D,20210918-0002465910-RES-1,Non communiqué,Non communiqué,Mazout,Oui,450.000 €,,Non,"Grote Markt 35
9600 - Ronse",,,,,,Oui,,13504 - VK 3636,,,,,,,,,,,,,,,,,,,,,,,,,,,,,,,,,,,,,,,,Non,,,,,,,,,,,,,,,,,,,,,
51,Après la signature de l’acte,2001,Bon,4,1,,,158 m²,,Équipée,20 m²,3,12 m²,12 m²,,1,,2,,,Non,998 m²,,,,,246 kWh/m²,C,20210915023266,Non communiqué,Non communiqué,Électrique,Oui,495.000 €,,Non,"Grote Markt 35
9600 - Ronse",,,,,,Oui,,13510 - VK 3631,,,,,,,,,,,,,,,Oui,,,,,,,,,,,,,,,,,,,,,,,,,Non,,,,,,,,,,,,,,,,,,,,,
52,Après la signature de l’acte,,Bon,4,1,2,,110 m²,22 m²,Équipée,10 m²,3,10 m²,9 m²,6 m²,1,1,1,,Oui,Oui,600 m²,Connecté,Oui,360 m²,20 m²,432 kWh/m²,F,20210810019140,Non communiqué,Non communiqué,Mazout,Oui,265.000 €,669 €,Non,"Rue J. Wettinck 49
4101 - Seraing",10 m,Isolé,,,13 m,,Zone non inondable,,,,,110 m²,"Zone d'habitat (résidentiel, urbain ou rural)",Oui,Oui,Non,Non,Liège,Oui,Non,Non,,Non,,,,Oui,,,,,,,,Oui,,Oui,,,,,,Oui,,,,,Non,15 m²,,,,,,,,,,,,,,,,,,4529033,,
53,Après la signature de l’acte,1913,Excellent état,2,,,,,,Américaine équipée,5 m²,3,14 m²,14 m²,11 m²,1,,1,Oui,,Non,65 m²,Connecté,Oui,,12 m²,461 kWh/m²,G,20211007-0000597073-01-2,92 kg CO₂/m²,Non communiqué,Gaz,Oui,415.000 €,881 €,Non,,4 m,Urbain,,,,,,,,Non,,,,,,,,,,,,,,Non,,Non,Non,Non,Non,Non,Non,,Est,,,,,,,,Non,Non,Non,Oui,Toutes sortes,,,,,,,,,,,,,,,,,,,,,,,,
54,À définir,1970,Bon,4,1,3,,110 m²,33 m²,Équipée,8 m²,3,12 m²,19 m²,14 m²,1,1,1,,,Non,1144 m²,Non connecté,Non,800 m²,25 m²,551 kWh/m²,G,20210922003281,136 kg CO₂/m²,43227 kWh/an,Mazout,,280.000 €,634 €,Non,"Chaussée de Tirlemont 2D
4260 - Braives",20 m,Pays,,,,,,4512120,,,10 m²,80 m²,"Zone d'habitat (résidentiel, urbain ou rural)",Oui,Non,,,,,,,,,,,,,,,,,,,,,,,,,,,,,,,,,,11 m²,,,,,,,,,,,,,,,,,,,,
55,Après la signature de l’acte,2020,Excellent état,3,1,,171 m²,33 m²,Pas équipée,3,,18 m²,18 m²,13 m²,1,2,,13 m²,31 m²,,248 m²,Connecté,Oui,248 m²,Oui,,A,RWPEB-070594,Non communiqué,15135 kWh/an,Gaz,Oui,70 m²,Non,,"Rue des Ardennes 1
5570 - Beauraing",4201279,8 m,Pays,,,,Non,,,Oui,Oui,Non,"Zone d'habitat (résidentiel, urbain ou rural)",243.000 €,,,,,,,Non,Oui,Oui,84 kWh/m²,,,,,,,,,,,,,,Non,,,,,,,,,,,,,,,,,,,,,,,,,,,,,,,,
56,Après la signature de l’acte,2019,Excellent état,3,,2,,150 m²,27 m²,Équipée,,4,,,,1,1,2,,,Non,532 m²,,Oui,,,106 kWh/m²,B,20190802501512,18 kg CO₂/m²,17396 kWh/an,Gaz,Oui,Faire offre à partir de 285.000 €,10 €,Non,"Rue des Brasseurs (Grand' Place), 1
4500 - Huy",,,,,,Oui,,14671 - 111114220,,,,,"Zone d'habitat (résidentiel, urbain ou rural)",,,,,,,,,,,,,,,,,,,Sud,,,,,,,,,,,,,,,Oui,Non,,,,,,,,,,,,,,,,,,,,17396,
57,,2021,Bon,3,1,,,160 m²,50 m²,Pas équipée,8 m²,3,15 m²,14 m²,14 m²,1,,2,,,Non,815 m²,,Oui,,,88 kWh/m²,B,Non communiqué,Non communiqué,14458 kWh/an,Gaz,Oui,310.000 €,1 €,Non,"Rue des Brasseurs (Grand' Place), 1
4500 - Huy",,,,,,Oui,,14564 - 111114180,,,,,,,,,,,,,,,,,,,,,,,,Est,,,,,,,,,,,,,,,Oui,Non,,,,,,,,,,,,,,,,,,,,14458,
58,,2021,Bon,3,1,,,160 m²,50 m²,Pas équipée,8 m²,3,15 m²,14 m²,14 m²,1,,2,,,Non,810 m²,,Oui,,,88 kWh/m²,B,Non communiqué,Non communiqué,14458 kWh/an,Gaz,Oui,310.000 €,1 €,Non,"Rue des Brasseurs (Grand' Place), 1
4500 - Huy",,,,,,Oui,,14563 - 111114180,,,,,,,,,,,,,,,,,,,,,,,,Sud-est,,,,,,,,,,,,,,,Oui,Non,,,,,,,,,,,,,,,,,,,,14458,
59,,2021,Bon,3,1,,,160 m²,50 m²,Pas équipée,8 m²,3,15 m²,14 m²,14 m²,1,,2,,,Non,850 m²,,Oui,,,88 kWh/m²,B,Non communiqué,Non communiqué,14458 kWh/an,Gaz,Oui,310.000 €,1 €,Non,"Rue des Brasseurs (Grand' Place), 1
4500 - Huy",,,,,,Oui,,14562 - 111114180,,,,,,,,,,,,,,,,,,,,,,,,Nord-est,,,,,,,,,,,,,,,Oui,Non,,,,,,,,,,,,,,,,,,,,14458,
60,,2021,Bon,3,1,,,160 m²,50 m²,Pas équipée,8 m²,3,15 m²,14 m²,14 m²,1,,2,,,Non,830 m²,,Oui,,,88 kWh/m²,B,Non communiqué,Non communiqué,14458 kWh/an,Gaz,Oui,315.000 €,1 €,Non,"Rue des Brasseurs (Grand' Place), 1
4500 - Huy",,,,,,Oui,,14565 - 111114180,,,,,,,,,,,,,,,,,,,,,,,,Sud-est,,,,,,,,,,,,,,,Oui,Non,,,,,,,,,,,,,,,,,,,,,
61,,2021,Excellent état,3,1,1,,212 m²,25 m²,Hyper équipée,13 m²,3,23 m²,14 m²,13 m²,1,2,3,,,,600 m²,Connecté,Oui,,15 m²,80 kWh/m²,A,Non communiqué,Non communiqué,Non communiqué,Gaz,,335.000 €,,,"Rue du Blanc Ry 167
1342 - Limelette",7 m,"Zone d'habitat (résidentiel, urbain ou rural)",,,,,,Arthur Dewit,11 m²,Oui,,,"Zone d'habitat (résidentiel, urbain ou rural)",Oui,,Oui,,Bois du Cazier,Oui,,,Oui,,,Oui,,,,,,,Sud,Sud,,,,,,,,,,,,,,Oui,,,,,,,,,,,,,,,2,,Val Au Bois,,,,,
62,Immédiatement,2019,Excellent état,4,1,1,,440 m²,43 m²,Hyper équipée,,5,22 m²,20 m²,17 m²,4,3,4,Oui,Oui,Non,620 m²,Connecté,Oui,350 m²,45 m²,39 kWh/m²,A,Non communiqué,8 kg CO₂/m²,Non communiqué,Gaz,Oui,1.650.000 €,6.643 €,Non,"Avenue Orban 240
1150 - Woluwe-St-Pierre",,"Zone d'habitat (résidentiel, urbain ou rural)",16 m²,,,,,,,Oui,,,,,,,,Bruxelles (19 communes),Oui,Non,Non,,Non,,,,Oui,,,,,,,,Oui,,Oui,,,,,,,,,1 juillet 2021 - 00:00,,,,,,,,,,,,,,,,,16 m²,,,,4401920,,
63,Après la signature de l’acte,1932,Bon,2,,,220 m²,39 m²,Équipée,11 m²,4,12 m²,16 m²,12 m²,16 m²,2,2,5 m²,,,Oui,Connecté,Oui,110 m²,3 m²,Non,G,Non communiqué,79 kg CO₂/m²,Non communiqué,Gaz,525.000 €,,1.160 €,Non,"Avenue des Cerisiers, 212
1200 - Woluwe-St-Lambert",4515845,6 m,,1,,,,,,Oui,Non,,,,,,,,Bruxelles (19 communes),,Non,Oui,,394 kWh/m²,,,,Non,,,,,,,,,,,,,,,,,,,,,,,,,,,,,,,,,,,,,,,,,,
64,Après la signature de l’acte,1860,Bon,3,,1,,140 m²,16 m²,Semi-équipée,10 m²,2,16 m²,13 m²,,1,,2,,,Non,470 m²,Connecté,Oui,300 m²,1 m²,Non communiqué,E,20210831023319,Non communiqué,49633 kWh/an,Gaz,Oui,197.000 €,320 €,Non,,10 m,"Zone d'habitat (résidentiel, urbain ou rural)",,,,,Zone non inondable,,,Non,21 m²,,"Zone d'habitat (résidentiel, urbain ou rural)",,,Non,Non,,Oui,Non,Non,Non,Non,Non,Oui,Non,Non,Non,Non,Non,Non,Nord-ouest,,Non,Non,Non,Non,Non,Non,Oui,Non,Non,Non,Oui,,,,,,,,,,,,,,,,,,,,,,,,342,
65,,1929,Bon,3,,,,197 m²,,,,4,,,,1,,1,,,Non,1840 m²,,,1840 m²,,625 kWh/m²,F,20210812-0002450744-RES-1,Non communiqué,Non communiqué,Mazout,,380.000 €,329 €,Non,"Nederstraat 2
9700 - Oudenaarde",,Urbain,,,,,Zone non inondable,D9700-21080,,,,,"Zone d'habitat (résidentiel, urbain ou rural)",Oui,,Non,Non,,,,,,,,,,,,,,,,,,,,,,,,,,,,,,,,,,,,,,,,,,,,,,,,,,,,
66,Après la signature de l’acte,1930,,2,,,,150 m²,24 m²,Américaine hyper-équipée,10 m²,3,20 m²,14 m²,24 m²,1,1,2,Oui,Oui,Non,90 m²,,,,,516 kWh/m²,F,20160313-0001843836-1,9999 kg CO₂/m²,Non communiqué,Gaz,Oui,145.000 €,431 €,Non,"Stationstraat 30
9600 - Ronse",5 m,Urbain,,,5 m,,Zone d'inondation reconnue,,,,,90 m²,,,,,,,Oui,Non,Non,Oui,Non,,,,,,,,,,,,,,,,,,,,,,,1 janvier 2022 - 00:00,,Non,,,,,,,,,,,,,,,,,,,4528363,,
67,Après la signature de l’acte,,Bon,2,,,,125 m²,25 m²,Équipée,15 m²,2,13 m²,11 m²,,1,1,2,,,Non,190 m²,Connecté,Oui,160 m²,12 m²,321 kWh/m²,D,20111121009165,Non communiqué,Non communiqué,Gaz,,159.500 €,302 €,Non,"Rue J. Wettinck 49
4101 - Seraing",4 m,Isolé,,,,,Zone non inondable,,,,,50 m²,"Zone d'habitat (résidentiel, urbain ou rural)",Oui,Oui,Non,Non,Liège,Oui,,,,,,,,,,,,,,,,,,,,,,,,,,,,,"Oui, conforme",47 m²,,,,,,,,,,,,,,,,,,4533904,,
68,Après la signature de l’acte,1936,À rafraîchir,2,1,,,175 m²,30 m²,Semi-équipée,14 m²,3,22 m²,15 m²,13 m²,1,,1,,,Non,323 m²,,,,,765 kWh/m²,F,20210322-0002391036-RES-1,Non communiqué,Non communiqué,Gaz,,275.000 €,713 €,Non,"Roterijstraat, 202
8793 - Waregem",,,,,,,,13522 - VK,,,,,,,,,,,,,,,,,,,,,,,,,,,,,,,,,,,,,,,,Non,16 m²,,,,,,,,,,,,,,,,,,,,
69,Après la signature de l’acte,2007,Excellent état,4,1,5,,571 m²,59 m²,Américaine hyper-équipée,59 m²,6,35 m²,19 m²,23 m²,5,4,6,Oui,Oui,Non,1609 m²,Connecté,Oui,,,106 kWh/m²,B,2450938-RES-1,Non communiqué,Non communiqué,,Oui,1.680.000 €,,Non,"Albert plein 6
8300 - Knokke",19.5 m,Pays,23 m²,,13.2 m,Oui,Zone non inondable,4445110,25 m²,Oui,,,"Zone d'habitat (résidentiel, urbain ou rural)",Oui,Oui,Non,Non,Knokke-Westkapelle,,,,,,,,,,,,,,,,,,,,,,,,,,,,1 octobre 2021 - 00:00,,"Oui, conforme",,,,,,,,,,,,,,,25 m²,,,,,,
70,Après la signature de l’acte,1985,Bon,2,1,1,,170 m²,46 m²,Équipée,13 m²,3,18 m²,11 m²,9 m²,1,,2,Oui,Oui,Non,322 m²,,Non,135 m²,,Non communiqué,Non communiqué,Non communiqué,Non communiqué,Non communiqué,Électrique,Oui,699.000 €,2.828 €,Non,"Val des Seigneurs, 9a
1150 - Woluwe-St-Pierre",,Isolé,,,,Oui,Zone non inondable,4534819,,,,252 m²,,,,,,Est de Bruxelles + VL,,,,,,,,,,,,,,,,,,,,,,,,,,,,30 avril 2022 - 00:00,,,,,,,,,,,,,,,,,,,,,,,160 €
71,,,,,,,,,,,,,,,,,,,,,,,,,,,Non communiqué,Non communiqué,Non communiqué,Non communiqué,Non communiqué,,,,,Non,"Rue de la Station 44
4032 - Chênée",,,,,,,,4520810,,,,,,,,,,Grand Liège,,,,,,,,,,,,,,,,,,,,,,,,,,,,,,,,,,,,,,,,,,,,,,,,,,,
72,À définir,,,,,,,,,,,,,,,,,,,,,,,,,,Non communiqué,Non communiqué,Non communiqué,Non communiqué,Non communiqué,,,,,Non,"Rue de la Station 44
4032 - Chênée",,,,,,,,4520565,,,,,,,,,,Grand Liège,,,,,,,,,,,,,,,,,,,,,,,,,,,,,,,,,,,,,,,,,,,,,,,,,,,
73,Après la signature de l’acte,1953,À rafraîchir,4,1,3,,160 m²,18 m²,Semi-équipée,19 m²,3,14 m²,16 m²,8 m²,1,1,2,Oui,Oui,Non,650 m²,Connecté,Non,,,1289 kWh/m²,F,20210706-0002438236-RES-1,Non communiqué,Non communiqué,Électrique,,319.000 €,867 €,Non,"Nieuwstraat 32b1
1730 - Asse",7.5 m,Pays,,,7.5 m,Oui,Zone non inondable,4402897,,,,,"Zone d'habitat (résidentiel, urbain ou rural)",Oui,,Non,Non,,Oui,,,,,,,,,,,,,,,,,,,,,,,,,,,,,,,,,,,,,,,,,,,,,,,,,,
74,Après la signature de l’acte,1925,Bon,2,,,,250 m²,16 m²,Pas équipée,12 m²,5,16 m²,16 m²,16 m²,4,4,4,,,Non,95 m²,Connecté,Oui,15 m²,24 m²,256 kWh/m²,E,E-,51 kg CO₂/m²,Non communiqué,Gaz,Oui,595.000 €,1.802 €,Oui,"Chaussée de Waterloo 276
1060 - Saint-Gilles",5.5 m,Urbain,16 m²,,5.5 m,,,,,,,250 m²,"Zone d'habitat d'intérêt culturel, historique et/ou esthétique",,,,Non,,Oui,Non,Non,Oui,Non,,,,,,,,,,,,,,,,,,,,,,,4 janvier 2022 - 00:00,,,,,,,,,,,,,,,,,12 m²,,,,4393189,,
75,Après la signature de l’acte,1960,Bon,3,,,163 m²,36 m²,Oui,12 m²,4,15 m²,12 m²,13 m²,18 m²,1,3,7 m²,,,,12.75 m,Oui,354 m²,20 m²,Non,G,Non communiqué,102 kg CO₂/m²,Non communiqué,Gaz,Oui,85 m²,2.297 €,Non,"Place Communale 8
1160 - Auderghem",4521137,7 m,Urbain,2,,Connecté,,,,,,,Non,599.000 €,,Non,Non,Parc résidentiel,Bruxelles,Équipée,Non,Oui,,510 kWh/m²,,,,,,,,,,,,Non,,,,,,,,,,,,,,439 m²,,,,,,,,,,,,,,,,,,,,
76,Après la signature de l’acte,1930,À rafraîchir,2,,,300 m²,21 m²,Oui,9 m²,4,21 m²,22 m²,21 m²,20 m²,3,3,Non,,,94 m²,4.63 m,Oui,Non,,,F,Non communiqué,63 kg CO₂/m²,Non communiqué,Gaz,Oui,83 m²,1.046 €,Non,"Place Communale 8
1160 - Auderghem",4520014,4.63 m,Urbain,3,,Connecté,,,,,,,Non,Faire offre à partir de 599.000 €,,Non,Non,"Zone d'habitat (résidentiel, urbain ou rural)",Bruxelles,Pas équipée,Non,Oui,Non,319 kWh/m²,,,,,,,,,,,,,,,,,,,,,,,,,,,,,,,,,,,,,,,,,,,,,,
77,Selon le locataire,1934,Bon,3,,1,,145 m²,31 m²,Équipée,7 m²,3,15 m²,15 m²,14 m²,1,1,2,,,Non,448 m²,Connecté,Oui,,,403 kWh/m²,E,20210820008426,74 kg CO₂/m²,54049 kWh/an,Gaz,,179.000 €,589 €,Non,"rue des dominicains 4E
4000 - Liège",,Isolé,,,,Oui,,4527895,,,,,,,,,,Périphérie,,,,,,,,,,,,,,,,,,,,,,,,,,,,,,,17 m²,,,,,,,,,,,,,,,,,,,,
78,À définir,1930,À rafraîchir,2,1,1,,155 m²,18 m²,Équipée,9 m²,3,16 m²,11 m²,9 m²,1,1,2,Oui,,Non,119 m²,Connecté,Non,20 m²,25 m²,419 kWh/m²,E,20210921009317,104 kg CO₂/m²,48602 kWh/an,Mazout,Oui,250.000 €,815 €,Non,"rue des dominicains 4E
4000 - Liège",,Isolé,,,,,,4451771,,Oui,,,"Zone d'habitat (résidentiel, urbain ou rural)",,Non,Non,Non,Liège Centre,Oui,,,,,,,,,,,,,,,,,,,,,,,,,,,,,,,,,,,,,,,,,,,,,,,,,,
79,,1960,À rénover,3,,,,233 m²,,Semi-équipée,12 m²,4,22 m²,17 m²,17 m²,1,,2,Oui,,Non,1136 m²,,,,,240 kWh/m²,C,Non communiqué,Non communiqué,Non communiqué,Mazout,Oui,315.000 €,1.041 €,Non,"Grote Markt 35
9600 - Ronse",,,15 m²,,,,Zone non inondable,13370 - VK3577,,,,,,,,,,,Oui,,,,,,,,,,,,,,,,,,,,,,,,,,,,,Non,,,,,,,,,,,,,,,,,,,,,
80,Après la signature de l’acte,1911,Bon,3,2,6,,455 m²,,Semi-équipée,,7,,,,1,2,6,,Oui,Non,3300 m²,Connecté,Oui,,20 m²,393 kWh/m²,E,20150428013727,Non communiqué,Non communiqué,Mazout,Oui,790.000 €,2.349 €,Non,"Rue J-B Gillardin 6
4735 - Petange",,"Zone d'habitat (résidentiel, urbain ou rural)",,,12.54 m,,,,,Oui,,,,,,,,,Oui,,,,,Oui,Oui,Oui,,Oui,Oui,,Oui,,Est,,Oui,,,,,,,,,,,,,,124 m²,"Oui, conforme",,,,,,,,,,1,,,,,Oui,,,,
81,Après la signature de l’acte,1969,À rafraîchir,2,,,,108 m²,32 m²,Semi-équipée,6 m²,3,17 m²,13 m²,6 m²,1,,2,Oui,,Non,120 m²,,Oui,54 m²,,462 kWh/m²,E,20211006-0002470244-RES-1,Non communiqué,Non communiqué,Gaz,Oui,305.000 €,720 €,Non,"Prins Boudewijnlaan 122
2610 - Wilrijk",6 m,Béton,,,6 m,,Zone non inondable,,,,,,"Zone d'habitat (résidentiel, urbain ou rural)",,,Non,Non,,,,,,,,,,,,,,,Nord-est,,,,,,,,,,,,,,,,Non,,,,,,,,,,,,,,,,,,,5074 - TK211003,,
82,Après la signature de l’acte,1996,Bon,2,1,,209 m²,Équipée,,3,,21 m²,17 m²,12 m²,1,3,,Oui,,Non,130 m²,Connecté,Oui,40 m²,,178 kWh/m²,B,20181009-0002096601-2,Non communiqué,Non communiqué,Gaz,Oui,Oui,1.725 €,Oui,"Zonnewende 3
8500 - Kortrijk",4447826,9 m,Urbain,,Oui,,,"Zone d'habitat (résidentiel, urbain ou rural)",,,74 m²,,,320.000 €,Non,Non,Non,Zone non inondable,,,,,,,,,,,,,,,,,,,,,,,,,,,,,,,,,,,,,,,,,,,,,,,,,,,,
83,Selon le locataire,,Bon,2,,,361 m²,51 m²,Pas équipée,14 m²,6,10 m²,14 m²,4,,4,,15 m²,,,,8.16 m,Non,255 m²,30 m²,Oui,C,20140704005123,46 kg CO₂/m²,18934 kWh/an,Gaz,Oui,Oui,1.529 €,Oui,"Place Communale 8
1160 - Auderghem",4497268,7.3 m,Urbain,,,Connecté,,,,,,,Oui,379.000 €,115 m²,Non,"Zone d'habitat (résidentiel, urbain ou rural)",,Liège,,,,244 kWh/m²,,,,,,,,,,,,,,,,,,,,,,,,,,,370 m²,,,,,,,,,,,,,,,,,,,,
84,Après la signature de l’acte,1985,Fraîchement rénové,3,,4,,161 m²,17 m²,Hyper équipée,13 m²,4,17 m²,15 m²,15 m²,1,,2,,,Non,512 m²,Non connecté,Oui,,,373 kWh/m²,E,20160613014339,Non communiqué,60155 kWh/an,Électrique,Oui,435.000 €,1.199 €,,"Square Bellevue 11
4052 - Beaufays",,"Zone d'habitat (résidentiel, urbain ou rural)",12 m²,17 m²,,Oui,,,,,,,"Zone d'habitat (résidentiel, urbain ou rural)",,,,,,Oui,,,,,,Oui,Oui,,,,,,,,,Oui,,Oui,,,,,,,,,,,,,,,,,,,,,,,,,,,,,,,,
85,,1985,Bon,4,1,,,250 m²,,Équipée,10 m²,3,22 m²,14 m²,11 m²,1,,2,,,Non,829 m²,,,,,284 kWh/m²,C,20211012-0002475927-res-1,Non communiqué,Non communiqué,Gaz,Oui,450.000 €,986 €,Non,"Roterijstraat, 202
8793 - Waregem",,,,,,Oui,,13517 - VK 3678,,,,,,,,,,,,,,,,,,,,,,,,,,,,,,,,,,,,,,,,Non,,,,,,,,,,,,,,,,,,,,,
86,Après la signature de l’acte,2015,Excellent état,4,1,,,186 m²,66 m²,Équipée,,3,17 m²,16 m²,14 m²,1,,2,Oui,,Non,1259 m²,,Oui,,,94 kWh/m²,B,20170206505456,Non communiqué,27519 kWh/an,,Oui,465.000 €,1.385 €,Non,"Rue des Brasseurs (Grand' Place), 1
4500 - Huy",,,,,,Oui,,14693 - 111114227,,,,,,,,,,,,,,,,,,,,,,,,Nord-ouest,,,,,,,,,,,,,,,Oui,Non,,,,,,,,,,,,1,,,,,,,,,
87,Après la signature de l’acte,1987,Bon,4,2,5,,205 m²,,Équipée,24 m²,3,24 m²,18 m²,18 m²,1,,2,,,Non,1425 m²,,,,,331 kWh/m²,D,20210803-002447870-res-1,Non communiqué,Non communiqué,Électrique,Oui,499.500 €,669 €,Non,"Roterijstraat, 202
8793 - Waregem",,,,,,Oui,,13507 - 3619,,,,,,,,,,,,,,,,,,,,,,,,,,,,,,,,,,,,,,,,Non,,,,,,,,,,,,,,,,,,,,,
88,,,,,,,,,,,,,,,,,,,,,,,,,,,Non communiqué,Non communiqué,Non communiqué,Non communiqué,Non communiqué,,,,,Non,"La Besace, 14
6850 - Paliseul",,,,,,,,,,,,,,,,,,,,,,,,,,,,,,,,,,,,,,,,,,,,,,,,,,,,,,,,,,,,,,,,,,,,,
89,Après la signature de l’acte,1899,À rénover,2,,,,110 m²,,Pas équipée,7 m²,2,17 m²,15 m²,,1,,2,Oui,,Non,75 m²,,,,,516 kWh/m²,G,20200622014343,94 kg CO₂/m²,49686 kWh/an,Gaz,,69.000 €,329 €,Non,"Rue des Brasseurs (Grand' Place), 1
4500 - Huy",9 m,,,,9 m,,,14603 - 6090,,,,,"Zone d'habitat (résidentiel, urbain ou rural)",,,,,,,,,,,,,,,,,,,,,,,,,,,,,,,,,,,Non,,,,,,,,,,,,,,,,,,,,49686,
90,Après la signature de l’acte,1850,À rénover,2,,,,188 m²,27 m²,Pas équipée,11 m²,4,16 m²,15 m²,24 m²,1,1,2,Oui,Oui,Non,210 m²,Connecté,Oui,124 m²,,395 kWh/m²,E,20111108015005,100 kg CO₂/m²,74464 kWh/an,Mazout,Oui,Faire offre à partir de 99.900 €,788 €,Non,"rue de Pont-à-Celles 10
6238 - Luttre",7.5 m,Urbain,,,7.5 m,,Zone non inondable,4397185,6 m²,Oui,,85 m²,Parc résidentiel,,Non,Non,Non,Charleroi,Oui,Non,Oui,,Non,,,,,,,,,,,,,,,,,,,,,,,,,Non,,,,,,,,,,,,,,,,,,,,,
91,Après la signature de l’acte,,,,,,,,,,,,,,,,,,,,,,,,,,Non communiqué,Non communiqué,Non communiqué,Non communiqué,Non communiqué,,,,,Oui,"Theofiel De Biestraat 11
2220 - Heist-op-den-Berg",,,,,,,,,,,,,,Oui,Oui,Non,Non,,,,,,,,,,,,,,,,,,,,,,,,,,,,,,,,,,,,,,,,,,,,,,,,,,,,
92,À la livraison,,,,1,2,,,,,,,,,,,,,,,,,,,,,Non communiqué,Non communiqué,Non communiqué,Non communiqué,Non communiqué,,,,,Non,"Rue de l'Yser 425
4430 - Ans",,,,,,,,4507571,,,,83 m²,,Oui,Non,,,,,,,,,,,,,,,,,,,,,,,,,,,,,,,,,,,,,,,,,,,,,,,,,,,,,,
93,,,,,,,,,,,,,,,,,,,,,,,,,,,Non communiqué,Non communiqué,Non communiqué,Non communiqué,Non communiqué,,,,,Oui,"Rue de la Besace, 14
6852 - Our-Paliseul",,,,,,,,,,,,,,,,,,,,,,,,,,,,,,,,,,,,,,,,,,,,,,,,,,,,,,,,,,,,,,,,,,,,,
94,Après la signature de l’acte,1874,Bon,3,,,,90 m²,25 m²,Équipée,8 m²,2,16 m²,23 m²,,1,1,1,Oui,Oui,Non,67 m²,Connecté,Oui,,9 m²,425 kWh/m²,E,20210506019206,81 kg CO₂/m²,38380 kWh/an,Gaz,Oui,Faire offre à partir de 109.900 €,276 €,Non,"rue de Pont-à-Celles 10
6238 - Luttre",4.4 m,Isolé,,,4.4 m,,Zone non inondable,4359189,,,,33 m²,"Zone d'habitat (résidentiel, urbain ou rural)",,Non,Non,Non,Charleroi,,,,,,,,,,,,,,,,,,,,,,,,,,,,,,,,,,,,,,,,,,,,,,,,,,,580 €
95,Après la signature de l’acte,1888,À rénover,2,1,,,69 m²,14 m²,Pas équipée,11 m²,2,9 m²,7 m²,,1,1,2,Oui,Oui,Non,144 m²,Connecté,Non,80 m²,17 m²,516 kWh/m²,G,20210322022739,129 kg CO₂/m²,49870 kWh/an,Mazout,Oui,110.000 €,359 €,Non,"Grand rue 191
4870 - Trooz",5 m,Urbain,,,8.5 m,,Zone inondable potentielle,4363799,11 m²,Oui,,,"Zone d'habitat (résidentiel, urbain ou rural)",,Non,Non,Non,Grand Liège,,,,,,,,,,,,,,,,,,,,,,,,,,,,19 mai 2021 - 00:00,,,,,,,,,,,,,,,,,,,,,,,
96,Après la signature de l’acte,,,,,,,,,,,,,,,,,,,,,,,,,,Non communiqué,Non communiqué,Non communiqué,Non communiqué,Non communiqué,,,,,Non,"Rue Maréchal Joffre, 26
7387 - Fayt-le-franc",,,,,,,,4330247,,,,,,,,,,,,,,,,,,,,,,,,,,,,,,,,,,,,,,,,,,,,,,,,,,,,,,,,,,,,,
97,Après la signature de l’acte,1900,Bon,2,,,,172 m²,,Équipée,6 m²,4,6 m²,18 m²,8 m²,1,,2,Oui,Oui,Non,22 m²,Connecté,Oui,,,268 kWh/m²,D,20210702002254,53 kg CO₂/m²,18857 kWh/an,Gaz,Oui,Faire offre à partir de 129.900 €,889 €,Oui,"rue de Pont-à-Celles 10
6238 - Luttre",3.3 m,Urbain,17 m²,,3.3 m,,Zone non inondable,4403809,,,,22 m²,"Zone d'habitat (résidentiel, urbain ou rural)",,Non,Non,Non,Charleroi,,Non,Non,Oui,Non,,,,,,,,,,,,,,,,,,,,,,,,,,,,,,,,,,,,,,,,,,Oui,,,,
98,Après la signature de l’acte,1920,À rénover,2,1,,,129 m²,,Pas équipée,,2,16 m²,15 m²,,2,2,1,,,Non,91 m²,Connecté,Oui,,,558 kWh/m²,G,20200831025087,106 kg CO₂/m²,71892 kWh/an,Gaz,,130.000 €,612 €,Non,"Grand rue 191
4870 - Trooz",6 m,Urbain,,,6 m,,Zone non inondable,4284188,,,,91 m²,,,,,,Liège,,,,,,,,,,,,,,,,,,,,,,,,,,,,1 juin 2021 - 00:00,,,,,,,,,,,,,,,,,,,,,,,
99,Après la signature de l’acte,1899,Bon,3,,,,125 m²,,Équipée,13 m²,4,14 m²,13 m²,16 m²,2,2,2,Oui,Oui,Non,60 m²,Connecté,Oui,,,617 kWh/m²,G,20140812017707,113 kg CO₂/m²,77165 kWh/an,Gaz,Oui,Faire offre à partir de 134.900 €,745 €,Oui,"rue de Pont-à-Celles 10
6238 - Luttre",15 m,Urbain,18 m²,,15 m,,Zone non inondable,4507099,,,,125 m²,"Zone d'habitat (résidentiel, urbain ou rural)",,Non,Non,Non,Charleroi,Oui,,,,,,,,,,,,,,,,,,,,,,,,,,,,,,,,,,,,,,,,,,,,,,,,,,
100,Après la signature de l’acte,1900,À rafraîchir,3,,1,124 m²,Oui,,17 m²,3,13 m²,21 m²,16 m²,1,1,,18 m²,,,,19.3 m,Non,Oui,,,E,20210304020366,88 kg CO₂/m²,61082 kWh/an,Mazout,Oui,Oui,411 €,Non,"Place Communale 8
1160 - Auderghem",4357896,10.75 m,Pays,,,Connecté,357 kWh/m²,Parc résidentiel,,,,203 m²,Non,135.000 €,67 m²,Non,Non,Zone non inondable,,Pas équipée,,,,,,,,,,,,,,,,,,,,,,,,,,,,,,38 m²,,,,,,,,,,,,,,,,Oui,,,,
101,Selon le locataire,1930,Bon,2,,,,130 m²,12 m²,Équipée,6 m²,2,12 m²,20 m²,,1,,2,,Oui,Non,50 m²,Connecté,Oui,,,353 kWh/m²,D,1396341,5677 kg CO₂/m²,Non communiqué,Gaz,Oui,139.000 €,267 €,Non,"Stationstraat 30
9600 - Ronse",4.5 m,"Zone d'habitat (résidentiel, urbain ou rural)",,,4.5 m,,Zone non inondable,,8 m²,Oui,,50 m²,"Zone d'habitat (résidentiel, urbain ou rural)",,Non,Oui,Non,,,,,,,,,,,,,,,,,,,,,,,,,,,,,31 octobre 2023 - 00:00,,Non,,,,,,,,,,,,,,,,,,,4329665,,
102,Après la signature de l’acte,1850,À rénover,2,1,2,,254 m²,24 m²,Pas équipée,16 m²,4,16 m²,24 m²,21 m²,1,1,2,Oui,,Non,896 m²,Connecté,Non,756 m²,,463 kWh/m²,F,20210614001714,115 kg CO₂/m²,81288 kWh/an,Mazout,,140.000 €,404 €,Non,"Faubourg d'Arival 16
6760 - Virton",8 m,Pays,10 m²,,8 m,Oui,,4329069,,,90 m²,,,,,,,Zone Sud Province du Luxembourg,,,,,,,,,,,,,,,,,,,,,,,,,,,,,,,,,,,,,,,,,,,,,,,,,,,
103,Après la signature de l’acte,1899,À restaurer,3,1,,,108 m²,2942 m²,Pas équipée,10 m²,3,7 m²,17 m²,14 m²,1,,1,,,Non,156 m²,Connecté,Non,35 m²,,569 kWh/m²,G,20210710001090,182 kg CO₂/m²,71817 kWh/an,Charbon,,Faire offre à partir de 149.000 €,446 €,Non,"Chaussée Napoléon 3
4500 - Huy",22 m,"Zone d'habitat (résidentiel, urbain ou rural)",,,,,,4400555,,,70 m²,70 m²,"Zone d'habitat (résidentiel, urbain ou rural)",,Non,,,,Oui,,,,,,,,,,,,,,,,,,,,,,,,,,,,,,70 m²,,,,,,,,,,,,,,,,,,,,
104,,1831,À rénover,3,1,1,,165 m²,20 m²,Équipée,19 m²,4,9 m²,12 m²,17 m²,1,,2,,,Non,265 m²,Connecté,Oui,,25 m²,620 kWh/m²,G,20210825010032,Non communiqué,Non communiqué,Gaz,Oui,149.000 €,669 €,,"44, Place Albert 1er
6061 - Montignies-sur-Sambre",11 m,"Zone d'habitat (résidentiel, urbain ou rural)",26 m²,,11 m,,,,,Oui,50 m²,,,,,,,,,,,,,Oui,Oui,Oui,,,,,,,,,,,,,,,,,,,,,,,30 m²,,,,,,,,,,,,,,,,,,,,
105,Après la signature de l’acte,1956,Bon,2,,,,94 m²,26 m²,Semi-équipée,8 m²,2,16 m²,11 m²,,1,1,1,Oui,Oui,Non,144 m²,Connecté,Oui,,50 m²,440 kWh/m²,F,20210610019697,81 kg CO₂/m²,41563 kWh/an,Gaz,Oui,Faire offre à partir de 149.900 €,371 €,Non,"rue de Pont-à-Celles 10
6238 - Luttre",7.1 m,Urbain,,,7.1 m,,Zone non inondable,4383250,6 m²,Oui,,56 m²,"Zone d'habitat (résidentiel, urbain ou rural)",,Non,Non,Non,Wallonne,,,,,,,,,,,,,,,,,,,,,,,,,,,,,,Non,,,,,,,,,,,,,,,,,,,,,
106,Après la signature de l’acte,1920,Bon,2,,,,149 m²,14 m²,Équipée,18 m²,2,12 m²,17 m²,,2,1,1,Oui,Oui,Non,620 m²,Connecté,Oui,520 m²,20 m²,368 kWh/m²,E,20170202005218,71 kg CO₂/m²,54730 kWh/an,Gaz,Oui,Faire offre à partir de 149.900 €,277 €,Non,"rue de Pont-à-Celles 10
6238 - Luttre",5 m,Isolé,,,5 m,,Zone non inondable,4508423,,,,149 m²,"Zone d'habitat (résidentiel, urbain ou rural)",,Non,Non,Non,Wallonne,Oui,,,,,,,,,,,,,,,,,,,,,,,,,,,,,Non,,,,,,,,,,,,,,,,,,,,,
107,Après la signature de l’acte,1850,Bon,2,,,,109 m²,24 m²,Équipée,,2,24 m²,10 m²,,1,1,1,,,Non,238 m²,Connecté,Oui,194 m²,26 m²,227 kWh/m²,C,20160525022818,36 kg CO₂/m²,24605 kWh/an,Gaz,Oui,155.000 €,173 €,Non,"Rue Simon 46/2
6990 - Hotton",3.47 m,Urbain,,,3.47 m,,Zone non inondable,4507505,,,,22 m²,"Zone d'habitat (résidentiel, urbain ou rural)",Oui,Non,Non,Non,,Oui,,,,,,,,,,,,,,,,,,,,,,,,Oui,,,,,,,,,,,,,,,,,,,,,,,,,,
108,Après la signature de l’acte,1850,À rafraîchir,3,,1,,142 m²,43 m²,Semi-équipée,,3,23 m²,14 m²,11 m²,1,1,1,Oui,Oui,Non,446 m²,Connecté,Non,210 m²,10 m²,798 kWh/m²,G,20210828001257,198 kg CO₂/m²,113622 kWh/an,Mazout,Oui,Faire offre à partir de 159.900 €,81 €,Non,"rue de Pont-à-Celles 10
6238 - Luttre",11 m,Pays,,,11 m,,Zone non inondable,4408242,11 m²,Oui,,128 m²,"Zone d'habitat (résidentiel, urbain ou rural)",,Non,Non,Non,Wallonne,,Non,Oui,,Non,,,,,,,,,,,,,,,,,,,,,,,,,,,,,,,,,,,,,,,,,,,,,,
109,Après la signature de l’acte,1918,À rénover,3,,,,165 m²,,Pas équipée,25 m²,4,25 m²,25 m²,20 m²,1,,2,Oui,,Non,183 m²,,,96 m²,,430 kWh/m²,F,20210425003040,79 kg CO₂/m²,84106 kWh/an,Gaz,Oui,Faire offre à partir de 160.000 €,545 €,Non,"Rue Charles Magnette 24/40
4000 - Liège",5 m,,20 m²,,5 m,,,13898 - 111113973,,,,,,,,,,,,,,,,,,,,,,,,Nord-est,,,,,,,,,,,,,,,,Non,,,,,,,,,,,,,,,,,,,,84106,
110,Après la signature de l’acte,1966,Bon,3,1,,,150 m²,25 m²,Équipée,9 m²,3,16 m²,11 m²,11 m²,1,,2,,,Non,70 m²,Connecté,Non,70 m²,2 m²,394 kWh/m²,E,20210603001113,99 kg CO₂/m²,54007 kWh/an,Mazout,,Faire offre à partir de 165.000 €,681 €,Non,"Chaussée Napoléon 3
4500 - Huy",8 m,Isolé,,,,,,4431453,10 m²,Oui,1 m²,75 m²,"Zone d'habitat (résidentiel, urbain ou rural)",Oui,Non,,,,,Non,Non,Oui,Non,,,,,,,,,,,,,,,,,,,,,,,2 août 2021 - 00:00,,,10 m²,,,,,,,,,,,,,,,,,,,,
111,Après la signature de l’acte,1899,À rénover,2,,,150 m²,13 m²,Oui,20 m²,4,10 m²,17 m²,10 m²,14 m²,2,,15 m²,,,540 m²,Connecté,Oui,400 m²,Oui,,F,20210608022448,83 kg CO₂/m²,49591 kWh/an,Gaz,78 m²,,445 €,Non,"Rue de l'Yser 425
4430 - Ans",4454715,5 m,"Zone d'habitat (résidentiel, urbain ou rural)",1,,,448 kWh/m²,,,,,Non,Non,Faire offre à partir de 165.000 €,,"Zone d'habitat (résidentiel, urbain ou rural)",,,,Pas équipée,,,,,,,,,,,,,,,,,,,,,,,,,,,,,,17 m²,,,,,,,,,,,,,,,,,,,,
112,Selon le locataire,1950,À rénover,3,1,,,107 m²,33 m²,Équipée,8 m²,3,17 m²,10 m²,16 m²,1,1,2,,Oui,Non,1222 m²,Connecté,Non,1000 m²,,385 kWh/m²,E,20210703000674,95 kg CO₂/m²,55132 kWh/an,Mazout,,Faire offre à partir de 169.000 €,540 €,Non,"Ch.de Wavre 1595
1160 - Auderghem",8.33 m,Pays,,,,,Zone non inondable,4398683,,,,161 m²,"Zone d'habitat (résidentiel, urbain ou rural)",,Non,Non,Non,Liège,,,,,,,,,,,,,,,,,,,,,,,,,,,,,,,,,,,,,,,,,,,,,,,,,,,
113,Après la signature de l’acte,1918,Bon,2,1,,,144 m²,15 m²,Semi-équipée,20 m²,3,12 m²,12 m²,28 m²,1,,2,,Oui,Non,529 m²,,Non,400 m²,32 m²,418 kWh/m²,E,20141210023341,104 kg CO₂/m²,53566 kWh/an,Mazout,,169.000 €,421 €,Non,"Faubourg d'Arival 16
6760 - Virton",8 m,Isolé,,,8 m,,,4347016,,,,,,,,,,Zone Sud Province du Luxembourg,,,,,,,,,,,,,,,,,,,,,,,,,,,,,,,,,,,,,,,,,,,,,,,,,,,
114,Après la signature de l’acte,1874,Bon,3,1,5,,125 m²,18 m²,Équipée,8 m²,3,18 m²,9 m²,17 m²,1,1,2,Oui,Oui,Non,800 m²,Connecté,Oui,600 m²,63 m²,419 kWh/m²,E,20210808000595,77 kg CO₂/m²,52455 kWh/an,Gaz,Oui,Faire offre à partir de 169.900 €,374 €,Non,"rue de Pont-à-Celles 10
6238 - Luttre",4 m,Isolé,,,5.9 m,,Zone non inondable,4445249,,,,50 m²,"Zone d'habitat (résidentiel, urbain ou rural)",,Non,Non,Non,Charleroi,Oui,,,,,,,,,,,,,,,,,,,,,,,,,,,,,,,,,,,,,,,,,,,,,,,,,,
115,Après la signature de l’acte,1960,À rafraîchir,3,,,126 m²,20 m²,Semi-équipée,22 m²,2,16 m²,15 m²,1,,1,2,12 m²,16 m²,,190 m²,5.22 m,Oui,126 m²,351 kWh/m²,,E,20210810000856,8234 kg CO₂/m²,44953 kWh/an,Gaz,Oui,,272 €,Non,"Place Communale 8
1160 - Auderghem",4416929,5 m,Urbain,,,Connecté,,"Zone d'habitat (résidentiel, urbain ou rural)",,Oui,Oui,Non,Non,175.000 €,,Non,Non,Bien immobilier situé entièrement ou partiellement dans une zone potentiellement inondable et dans une zone riveraine délimitée,Jodoigne,,,,,,,,,,,,,,,,,,,,,,,,,64 m²,,,,,,,,,,,,,,,,,,,,,,,,,,
116,Après la signature de l’acte,1918,À rénover,3,,,239 m²,29 m²,Semi-équipée,21 m²,4,22 m²,12 m²,13 m²,11 m²,1,1,9 m²,Oui,Non,1250 m²,5.6 m,Non,1050 m²,27 m²,551 kWh/m²,G,20200508005224,4 kg CO₂/m²,114999 kWh/an,Non,121 m²,,504 €,Non,"Place Communale 8
1160 - Auderghem",4294833,5.6 m,Isolé,1,Oui,Connecté,,"Zone d'habitat (résidentiel, urbain ou rural)",,Oui,8 m²,,Non,175.000 €,,Non,Non,Zone non inondable,Hannut,,,,,,,,,,,,,,,,,,,,,,,,,,,,,,Électrique,,,,,,,,,,,,,,,,,,,,,
117,Après la signature de l’acte,1940,À rafraîchir,2,,,108 m²,22 m²,Oui,2,,13 m²,12 m²,2,,2,2,Oui,Non,,60 m²,6.5 m,Non,Non,,,G,20200720013570,190 kg CO₂/m²,709 kWh/an,Électrique,Oui,Oui,508 €,Oui,"Place Communale 8
1160 - Auderghem",4086826,6.5 m,Urbain,,,Connecté,,"Zone d'habitat (résidentiel, urbain ou rural)",,,,,Non,179.000 €,60 m²,Non,Zone non inondable,,Waremme,Semi-équipée,Non,Oui,Non,709 kWh/m²,,,,,,,,,,,,,,,,,,,,,,,,,,,,,,,,,,,,,,,,,,,,,,
118,Après la signature de l’acte,1934,Bon,2,,,,87 m²,,Équipée,10 m²,4,15 m²,15 m²,15 m²,1,,2,,,Non,73 m²,Connecté,Non,60 m²,10 m²,320 kWh/m²,D,20210910008670,79 kg CO₂/m²,42462 kWh/an,Mazout,,179.000 €,500 €,Non,"Rue de l'Yser 425
4430 - Ans",4 m,"Zone d'habitat (résidentiel, urbain ou rural)",15 m²,,,,,4490787,,,,41 m²,"Zone d'habitat (résidentiel, urbain ou rural)",,Non,,,,Oui,,,,,,,,,,,,,,,,,,,,,,,,,,,20 septembre 2021 - 00:00,,,13 m²,,,,,,,,,,,,,,,,,,,,
119,Après la signature de l’acte,1962,Bon,3,1,,,167 m²,31 m²,Équipée,22 m²,3,13 m²,17 m²,13 m²,1,1,1,,,Non,224 m²,Connecté,Non,100 m²,15 m²,493 kWh/m²,F,20201217014685,123 kg CO₂/m²,84634 kWh/an,Mazout,,180.000 €,680 €,Non,"Rue de l'Yser 425
4430 - Ans",15 m,Pays,,,,,,4404100,,,,134 m²,"Zone d'habitat (résidentiel, urbain ou rural)",,Non,,,,,Non,Oui,,Non,,,,,,,,,,,,,,,,,,,,,,,26 juillet 2021 - 00:00,,,,,,,,,,,,,,,,,,,,,,,
120,Après la signature de l’acte,1900,Bon,2,,,,200 m²,21 m²,Équipée,13 m²,5,21 m²,13 m²,13 m²,2,2,2,Oui,,Non,215 m²,Connecté,Oui,122 m²,10 m²,272 kWh/m²,D,201810122004124,50 kg CO₂/m²,26252 kWh/an,Gaz,Oui,180.000 €,862 €,Non,"Grand rue 191
4870 - Trooz",12 m,"Zone d'habitat (résidentiel, urbain ou rural)",15 m²,,12 m,,Zone non inondable,4002170,,,,87 m²,"Zone d'habitat (résidentiel, urbain ou rural)",,,,,Grand Liège,,,,,,,,,,,,,,,,,,,,,,,,,,,,,,,,,,,,,,,,,,,,,21 m²,,,,,,
121,Après la signature de l’acte,,,,,,,,,,,,,,,,,,,,,,,,,,Non communiqué,Non communiqué,Non communiqué,Non communiqué,Non communiqué,,,,,Non,"Rue Maréchal Joffre, 26
7387 - Fayt-le-franc",,,,,,,,4333275,,,,,,,,,,,,,,,,,,,,,,,,,,,,,,,,,,,,,,,,,,,,,,,,,,,,,,,,,,,,,
122,Après la signature de l’acte,1899,Bon,3,,,140 m²,30 m²,Semi-équipée,3,,13 m²,13 m²,15 m²,2,1,3,20 m²,,,111 m²,Non connecté,Oui,20 m²,,Non,E,20210602001445,65 kg CO₂/m²,38516 kWh/an,Gaz,Oui,,391 €,Non,"Chaussée Napoléon 3
4500 - Huy",4372623,5 m,Urbain,,,,,,,Oui,13 m²,,,Faire offre à partir de 189.000 €,Non,"Zone d'habitat (résidentiel, urbain ou rural)",,,,,Non,Oui,Non,353 kWh/m²,,,,,,,,,,,,,,,,,,,,,,,,,,Non,,,,,,,,,,,,,,,,,,,,
123,Après la signature de l’acte,1847,À rénover,3,1,,,265 m²,,Américaine équipée,15 m²,4,14 m²,16 m²,16 m²,2,,2,,,Non,290 m²,Connecté,Non,,28 m²,268 kWh/m²,D,20210303007867,67 kg CO₂/m²,58642 kWh/an,Mazout,Oui,189.000 €,562 €,Non,"Faubourg d'Arival 16
6760 - Virton",14.73 m,Urbain,13 m²,,14.4 m,,,4383307,16 m²,Oui,82 m²,,,,,,,Zone Sud Province du Luxembourg,Oui,,,,,,,,,,,,,,,,,,,,,,,,,,,,,,16 m²,,,,,,,,,,,,,,,,,,,,
124,,,,,,,,,,,,,,,,,,,,,,,,,,,Non communiqué,Non communiqué,Non communiqué,Non communiqué,Non communiqué,,,,,Non,"Chemin des Espagnols 236
6700 - Arlon",,,,,,,,4420421,,,,,,,,,,,,,,,,,,,,,,,,,,,,,,,,,,,,,,2 mai 2022 - 00:00,,,,,,,,,,,,,,,,,,,,,,,
125,Selon le locataire,1949,Bon,2,,,,156 m²,20 m²,Équipée,8 m²,4,20 m²,14 m²,28 m²,1,,2,Oui,Oui,Non,187 m²,Connecté,Oui,80 m²,20 m²,483 kWh/m²,E,20130124-0001296063-00000016-9,9999 kg CO₂/m²,Non communiqué,Gaz,Oui,189.000 €,416 €,Non,"Stationstraat 30
9600 - Ronse",6 m,Urbain,10 m²,,6 m,,Zone non inondable,,,,,75 m²,,,,,,,Oui,,,,,,,,,,,,,,,,,,,,,,,,,,,1 juin 2022 - 00:00,,,,,,,,,,,,,,,,,,,,,4445007,,
126,Selon le locataire,1915,Fraîchement rénové,2,,,,162 m²,20 m²,Hyper équipée,10 m²,3,12 m²,8 m²,8 m²,1,,1,,Oui,Non,94 m²,Connecté,Oui,,20 m²,192 kWh/m²,B,1976628,5743 kg CO₂/m²,Non communiqué,Gaz,Oui,189.990 €,262 €,Non,"Stationstraat 30
9600 - Ronse",4 m,Urbain,,,4 m,,Zone non inondable,,,,,70 m²,"Zone d'habitat (résidentiel, urbain ou rural)",Oui,Non,Oui,Non,,,,,,,,,,,,,,,,,,,,,,,,,,,,,,,"Oui, conforme",,,,,,,,,,,,,,,,,,,4514488,,
127,Après la signature de l’acte,1919,Bon,2,,,,179 m²,,Semi-équipée,16 m²,4,15 m²,17 m²,15 m²,2,2,3,,Oui,Non,150 m²,Connecté,Non,,14 m²,212 kWh/m²,C,20210626008153,53 kg CO₂/m²,35183 kWh/an,Mazout,Oui,190.000 €,478 €,Non,"Chaussée de Liège 7
6900 - Marche",4.34 m,Isolé,17 m²,,5.2 m,,,4448283,,,,,"Zone d'habitat (résidentiel, urbain ou rural)",,Non,Non,Non,Zone Centre Province du Luxembourg,Oui,,,,,,,,,,,,,,,,,,,,,,,,,,,,,,16 m²,,,,,,,,,,,,,,,,,,,,
128,Après la signature de l’acte,1918,À rénover,3,,,160 m²,19 m²,Oui,11 m²,3,22 m²,18 m²,16 m²,1,2,,29 m²,,,250 m²,Non connecté,Oui,25 m²,,Non,G,20210522002178,Non communiqué,Non communiqué,Gaz,86 m²,,515 €,Non,"Chaussée Napoléon 3
4500 - Huy",4359766,8.97 m,Urbain,,,,,,,,,Non,Non,195.000 €,,"Zone d'habitat (résidentiel, urbain ou rural)",,,,Semi-équipée,Non,Oui,,552 kWh/m²,,,,,,,,,,,,Non,,,,,,,,,,,,,,58 m²,,,,,,,,,,,,,,,,,,,,
129,À définir,1950,Fraîchement rénové,4,,,128 m²,14 m²,Oui,10 m²,2,14 m²,12 m²,1,,1,1,Oui,Oui,Non,905 m²,18 m,Oui,555 m²,26 m²,367 kWh/m²,E,20210915010324,67 kg CO₂/m²,40205 kWh/an,Gaz,Oui,100 m²,424 €,Non,"Rue de la Wallonie 2A
4680 - Oupeye",4507797,9 m,Isolé,,,Connecté,,"Zone d'habitat (résidentiel, urbain ou rural)",,,,,Non,Faire offre à partir de 199.000 €,,Non,Non,Zone non inondable,Liège environs,Équipée,,,,,,,,,,,,,,,,,,,,,,,,,,,1 décembre 2021 - 00:00,,,,,,,,,,,,,,,,,,,,,,,
130,Après la signature de l’acte,1898,Bon,4,,1,185 m²,28 m²,Semi-équipée,18 m²,4,25 m²,14 m²,13 m²,14 m²,2,,26 m²,,,349 m²,8.6 m,Non,253 m²,Oui,,E,20210531017569,98 kg CO₂/m²,90047 kWh/an,Mazout,Oui,96 m²,521 €,Non,"Place Communale 8
1160 - Auderghem",4282000,8.06 m,Pays,1,,Connecté,394 kWh/m²,,,Oui,12 m²,Non,Non,199.000 €,,Non,Non,"Zone d'habitat (résidentiel, urbain ou rural)",,,,,,,,,,,,,,,,,,,,,,,,,,,,,,,,29 m²,,,,,,,,,,,,,,,,,,,,
131,Après la signature de l’acte,1920,Fraîchement rénové,2,,,,148 m²,26 m²,Équipée,13 m²,3,9 m²,16 m²,,1,1,1,Oui,Oui,Non,218 m²,Connecté,Oui,150 m²,12 m²,323 kWh/m²,D,20210330025374,81 kg CO₂/m²,47757 kWh/an,Mazout,,Faire offre à partir de 199.000 €,342 €,Non,"rue de Pont-à-Celles 10
6238 - Luttre",5 m,Urbain,,,5 m,,Zone non inondable,4411615,6 m²,Oui,,,"Zone d'habitat (résidentiel, urbain ou rural)",,Non,Non,Non,Wallonne,,Non,Non,Oui,Non,,,,,,,,,,,,,,Oui,,,,,,,,,,,,,,,,,,,,,,,,,,,,,,,,
132,Après la signature de l’acte,1920,Bon,2,,,,158 m²,37 m²,Équipée,,2,8 m²,12 m²,,1,1,2,Oui,Oui,Non,380 m²,Connecté,Oui,290 m²,30 m²,263 kWh/m²,D,20210423021635,48 kg CO₂/m²,41486 kWh/an,Gaz,Oui,Faire offre à partir de 199.900 €,666 €,Non,"rue de Pont-à-Celles 10
6238 - Luttre",5.5 m,Isolé,,,5.5 m,,Zone non inondable,4382085,40 m²,Oui,,70 m²,"Zone d'habitat (résidentiel, urbain ou rural)",,Non,Non,Non,Wallonne,,,,,,,,,,,,,,,,,,,,,,,,,,,,7 décembre 2021 - 00:00,,Non,,,,,,,,,,,,,,,,,,,,,
133,Après la signature de l’acte,1899,Bon,3,,,,181 m²,22 m²,Équipée,13 m²,3,22 m²,19 m²,40 m²,1,1,1,Oui,Oui,Non,520 m²,Connecté,Oui,300 m²,35 m²,423 kWh/m²,E,20210614033333,2 kg CO₂/m²,76565 kWh/an,Pellets,Oui,Faire offre à partir de 199.900 €,356 €,Non,"rue de Pont-à-Celles 10
6238 - Luttre",4.7 m,Isolé,,,6 m,,Zone non inondable,4406262,,,,181 m²,"Zone d'habitat (résidentiel, urbain ou rural)",,Non,Non,Non,Wallonne,Oui,,,,,,,,,,,,,,,,,,,,,,,,,,,,,Non,,,,,,,,,,,,,,,,,,,,,
134,Après la signature de l’acte,1875,À rénover,4,1,1,,90 m²,8 m²,Semi-équipée,10 m²,2,18 m²,12 m²,,1,,2,,,Non,1528 m²,Connecté,Non,1300 m²,50 m²,494 kWh/m²,F,20210907006206,110 kg CO₂/m²,54385 kWh/an,Mazout,,200.000 €,267 €,Non,"Chaussée de Tirlemont 2D
4260 - Braives",15 m,Pays,,,,,,4496111,,,,80 m²,"Zone d'habitat (résidentiel, urbain ou rural)",,Non,,,Hannut et 5 kms,Oui,,,,,,,,,,,,,,,,,,,,,,,,,,,,,,30 m²,,,,,,,,,,,,,,,,,,,,
135,,,,,,,,,,,,,,,,,,,,,,,,,,,Non communiqué,Non communiqué,Non communiqué,Non communiqué,Non communiqué,,,,,Non,"La Besace, 14
6850 - Paliseul",,,,,,,,,,,,,,,,,,,,,,,,,,,,,,,,,,,,,,,,,,,,,,,,,,,,,,,,,,,,,,,,,,,,,
136,,,,,,,,,,,,,,,,,,,,,,,,,,,Non communiqué,Non communiqué,Non communiqué,Non communiqué,Non communiqué,,,,,Oui,"Boulevard Lalaing 1
7500 - Tournai",,,,,,,,,,,,,,Oui,Oui,,,,,,,,,,,,,,,,,,,,,,,,,,,,,,,,,,,,,,,,,,,,,,,,,,,,,,
